Unnamed: 0,F-comfort,tarifa,alfa,f_confort,cargas,fit_min,fit_med,fit_max,std_dev,consumo,custo_min,custo_med,custo_max,target,conf_min,conf_med,conf_max,t_med,temp,umidade,humor,omega
2023-02-01 11:02:49,1,TC,0.0,No_fuzzy,Padrão A,1.23,1.24,1.26,0.0098,16.4,14.315,14.315,14.315,14.3,0.81589,0.8503,0.897,1.8982,10,60,1,0.17
2023-02-01 11:02:50,2,TC,0.0,Fuzzy,Padrão A,1.27,1.27,1.28,0.0035,16.4,14.315,14.315,14.315,14.3,0.94549,0.95669,0.9738,2.1884,10,60,1,0.17
2023-02-01 11:02:51,3,TC,0.0,Taguchi,Padrão A,1.27,1.27,1.28,0.0021,16.4,14.315,14.315,14.315,14.3,0.95149,0.96164,0.96821,3.4646,10,60,1,0.17
2023-02-01 11:02:52,4,ToU,0.25,No_fuzzy,Padrão A,1.2,1.21,1.22,0.01,16.4,13.192,13.772,14.223,15.8,0.78644,0.82522,0.84578,2.0824,10,60,1,0.17
2023-02-01 11:02:53,5,ToU,0.25,Fuzzy,Padrão A,1.23,1.24,1.25,0.0069,16.4,13.316,13.679,13.906,15.8,0.94297,0.95326,0.97181,2.3145,10,60,1,0.17
2023-02-01 11:02:54,6,ToU,0.25,Taguchi,Padrão A,1.22,1.22,1.23,0.0032,16.4,13.906,14.138,14.313,15.8,0.87701,0.91498,0.94296,2.0512,10,60,1,0.17
2023-02-01 11:02:55,7,TC,0.0,No_fuzzy,Padrão A,1.23,1.24,1.26,0.0098,16.4,14.315,14.315,14.315,14.3,0.81589,0.8503,0.897,1.7294,30,65,5,0.56
2023-02-01 11:02:56,8,TC,0.0,Fuzzy,Padrão A,1.25,1.25,1.27,0.0088,16.4,14.315,14.315,14.315,14.3,0.86062,0.88918,0.93202,2.1845,30,65,5,0.56
2023-02-01 11:02:57,9,TC,0.0,Taguchi,Padrão A,1.27,1.27,1.28,0.0021,16.4,14.315,14.315,14.315,14.3,0.95149,0.96164,0.96821,3.1542,30,65,5,0.56
2023-02-01 11:02:58,10,ToU,0.25,No_fuzzy,Padrão A,1.2,1.21,1.22,0.01,16.4,13.192,13.772,14.223,15.8,0.78644,0.82522,0.84578,1.9614,30,65,5,0.56
2023-02-01 11:02:59,11,ToU,0.25,Fuzzy,Padrão A,1.21,1.22,1.24,0.012,16.4,12.459,13.49,14.106,15.8,0.84373,0.86392,0.88473,2.3463,30,65,5,0.56
2023-02-01 11:03:00,12,ToU,0.25,Taguchi,Padrão A,1.22,1.22,1.23,0.0032,16.4,13.906,14.138,14.313,15.8,0.87701,0.91498,0.94296,2.0006,30,65,5,0.56
2023-02-01 11:03:01,13,TC,0.0,No_fuzzy,Padrão A,1.23,1.24,1.26,0.0098,16.4,14.315,14.315,14.315,14.3,0.81589,0.8503,0.897,1.6136,39,70,9,0.67
2023-02-01 11:03:02,14,TC,0.0,Fuzzy,Padrão A,1.24,1.25,1.26,0.01,16.4,14.315,14.315,14.315,14.3,0.83569,0.87056,0.92066,2.0357,39,70,9,0.67
2023-02-01 11:03:03,15,TC,0.0,Taguchi,Padrão A,1.27,1.27,1.28,0.0021,16.4,14.315,14.315,14.315,14.3,0.95149,0.96164,0.96821,3.1393,39,70,9,0.67
2023-02-01 11:03:04,16,ToU,0.25,No_fuzzy,Padrão A,1.2,1.21,1.22,0.01,16.4,13.192,13.772,14.223,15.8,0.78644,0.82522,0.84578,1.9347,39,70,9,0.67
2023-02-01 11:03:05,17,ToU,0.25,Fuzzy,Padrão A,1.2,1.21,1.23,0.0093,16.4,13.163,13.83,14.422,15.8,0.81574,0.84949,0.87226,1.9162,39,70,9,0.67
2023-02-01 11:03:06,18,ToU,0.25,Taguchi,Padrão A,1.22,1.22,1.23,0.0032,16.4,13.906,14.138,14.313,15.8,0.87701,0.91498,0.94296,1.7792,39,70,9,0.67
2023-02-01 11:02:01,1,TC,0.0,No_fuzzy,Padrão A,1.23,1.24,1.26,0.0098,16.4,14.315,14.315,14.315,14.3,0.81589,0.8503,0.897,1.7978,10,60,2,0.17
2023-02-01 11:02:02,2,TC,0.0,Fuzzy,Padrão A,1.28,1.28,1.28,0.00045,16.4,14.315,14.315,14.315,14.3,0.96362,0.96583,0.96707,2.262,10,60,2,0.17
2023-02-01 11:02:03,3,TC,0.0,Taguchi,Padrão A,1.27,1.27,1.28,0.0021,16.4,14.315,14.315,14.315,14.3,0.95149,0.96164,0.96821,3.5968,10,60,2,0.17
2023-02-01 11:02:04,4,TC,0.0,Fz_Taguchi,Padrão A,1.27,1.28,1.28,0.0061,16.4,14.315,14.315,14.315,14.3,0.93794,0.96716,0.98766,4.7087,10,60,2,0.17
2023-02-01 11:02:05,5,ToU,0.25,No_fuzzy,Padrão A,1.2,1.21,1.22,0.01,16.4,13.192,13.772,14.223,15.8,0.78644,0.82522,0.84578,2.3761,10,60,2,0.17
2023-02-01 11:02:06,6,ToU,0.25,Fuzzy,Padrão A,1.22,1.23,1.25,0.01,16.4,12.416,13.401,13.906,15.8,0.90718,0.91641,0.93332,2.362,10,60,2,0.17
2023-02-01 11:02:07,7,ToU,0.25,Taguchi,Padrão A,1.22,1.22,1.23,0.0032,16.4,13.906,14.138,14.313,15.8,0.87701,0.91498,0.94296,1.9846,10,60,2,0.17
2023-02-01 11:02:08,8,ToU,0.25,Fz_Taguchi,Padrão A,1.23,1.24,1.24,0.0022,16.4,13.095,13.236,13.495,15.8,0.91211,0.91585,0.92075,3.2341,10,60,2,0.17
2023-02-01 11:02:09,9,TC,0.0,No_fuzzy,Padrão A,1.23,1.24,1.26,0.0098,16.4,14.315,14.315,14.315,14.3,0.81589,0.8503,0.897,1.6228,30,65,5,0.56
2023-02-01 11:02:10,10,TC,0.0,Fuzzy,Padrão A,1.25,1.25,1.26,0.0047,16.4,14.315,14.315,14.315,14.3,0.86691,0.88835,0.90722,2.2768,30,65,5,0.56
2023-02-01 11:02:11,11,TC,0.0,Taguchi,Padrão A,1.27,1.27,1.28,0.0021,16.4,14.315,14.315,14.315,14.3,0.95149,0.96164,0.96821,3.1239,30,65,5,0.56
2023-02-01 11:02:12,12,TC,0.0,Fz_Taguchi,Padrão A,1.26,1.27,1.28,0.0086,16.4,14.315,14.315,14.315,14.3,0.9026,0.94404,0.9735,2.1838,30,65,5,0.56
2023-02-01 11:02:13,13,ToU,0.25,No_fuzzy,Padrão A,1.2,1.21,1.22,0.01,16.4,13.192,13.772,14.223,15.8,0.78644,0.82522,0.84578,1.9456,30,65,5,0.56
2023-02-01 11:02:14,14,ToU,0.25,Fuzzy,Padrão A,1.21,1.22,1.22,0.0031,16.4,13.906,14.077,14.272,15.8,0.84998,0.88017,0.91216,2.1659,30,65,5,0.56
2023-02-01 11:02:15,15,ToU,0.25,Taguchi,Padrão A,1.22,1.22,1.23,0.0032,16.4,13.906,14.138,14.313,15.8,0.87701,0.91498,0.94296,1.7868,30,65,5,0.56
2023-02-01 11:02:16,16,ToU,0.25,Fz_Taguchi,Padrão A,1.22,1.23,1.24,0.0069,16.4,13.739,13.899,14.052,15.8,0.90166,0.94021,0.96793,2.8395,30,65,5,0.56
2023-02-01 11:02:17,17,TC,0.0,No_fuzzy,Padrão A,1.23,1.24,1.26,0.0098,16.4,14.315,14.315,14.315,14.3,0.81589,0.8503,0.897,1.6428,39,70,9,0.67
2023-02-01 11:02:18,18,TC,0.0,Fuzzy,Padrão A,1.24,1.25,1.26,0.0076,16.4,14.315,14.315,14.315,14.3,0.85366,0.88141,0.9173,2.2144,39,70,9,0.67
2023-02-01 11:02:19,19,TC,0.0,Taguchi,Padrão A,1.27,1.27,1.28,0.0021,16.4,14.315,14.315,14.315,14.3,0.95149,0.96164,0.96821,3.1297,39,70,9,0.67
2023-02-01 11:02:20,20,TC,0.0,Fz_Taguchi,Padrão A,1.28,1.28,1.28,0.00049,16.4,14.315,14.315,14.315,14.3,0.96263,0.96507,0.96643,3.2738,39,70,9,0.67
2023-02-01 11:02:21,21,ToU,0.25,No_fuzzy,Padrão A,1.2,1.21,1.22,0.01,16.4,13.192,13.772,14.223,15.8,0.78644,0.82522,0.84578,1.9479,39,70,9,0.67
2023-02-01 11:02:22,22,ToU,0.25,Fuzzy,Padrão A,1.21,1.21,1.21,0.00097,16.4,13.906,14.197,14.375,15.8,0.83384,0.86182,0.87844,1.7199,39,70,9,0.67
2023-02-01 11:02:23,23,ToU,0.25,Taguchi,Padrão A,1.22,1.22,1.23,0.0032,16.4,13.906,14.138,14.313,15.8,0.87701,0.91498,0.94296,1.7888,39,70,9,0.67
2023-02-01 11:02:24,24,ToU,0.25,Fz_Taguchi,Padrão A,1.22,1.23,1.25,0.011,16.4,13.316,13.744,14.01,15.8,0.8955,0.9377,0.97489,2.1041,39,70,9,0.67
2023-02-01 11:02:13,1,TC,0.0,No_fuzzy,Padrão A,1.23,1.24,1.26,0.0098,16.4,14.315,14.315,14.315,14.3,0.81589,0.8503,0.897,1.6702,10,60,2,0.17
2023-02-01 11:02:14,2,TC,0.0,Fuzzy,Padrão A,1.28,1.28,1.28,0.00045,16.4,14.315,14.315,14.315,14.3,0.96362,0.96583,0.96707,2.043,10,60,2,0.17
2023-02-01 11:02:15,3,TC,0.0,Taguchi,Padrão A,1.27,1.27,1.28,0.0021,16.4,14.315,14.315,14.315,14.3,0.95149,0.96164,0.96821,3.1094,10,60,2,0.17
2023-02-01 11:02:16,4,TC,0.0,Fz_Taguchi,Padrão A,1.27,1.28,1.28,0.0061,16.4,14.315,14.315,14.315,14.3,0.93794,0.96716,0.98766,3.9073,10,60,2,0.17
2023-02-01 11:02:17,5,ToU,0.5,No_fuzzy,Padrão A,1.17,1.17,1.18,0.004,16.4,13.898,13.981,14.138,15.8,0.78544,0.80885,0.82789,3.4143,10,60,2,0.17
2023-02-01 11:02:18,6,ToU,0.5,Fuzzy,Padrão A,1.19,1.21,1.24,0.022,16.4,12.418,13.319,13.906,15.8,0.90718,0.92846,0.94132,2.6779,10,60,2,0.17
2023-02-01 11:02:19,7,ToU,0.5,Taguchi,Padrão A,1.18,1.19,1.2,0.01,16.4,13.419,13.875,14.302,15.8,0.87701,0.9091,0.94035,2.5897,10,60,2,0.17
2023-02-01 11:02:20,8,ToU,0.5,Fz_Taguchi,Padrão A,1.19,1.21,1.22,0.012,16.4,12.995,13.522,13.906,15.8,0.92351,0.94021,0.96913,2.3414,10,60,2,0.17
2023-02-01 11:02:21,9,TC,0.0,No_fuzzy,Padrão A,1.23,1.24,1.26,0.0098,16.4,14.315,14.315,14.315,14.3,0.81589,0.8503,0.897,1.6431,30,65,5,0.56
2023-02-01 11:02:22,10,TC,0.0,Fuzzy,Padrão A,1.25,1.25,1.26,0.0047,16.4,14.315,14.315,14.315,14.3,0.86691,0.88835,0.90722,2.3024,30,65,5,0.56
2023-02-01 11:02:23,11,TC,0.0,Taguchi,Padrão A,1.27,1.27,1.28,0.0021,16.4,14.315,14.315,14.315,14.3,0.95149,0.96164,0.96821,3.1279,30,65,5,0.56
2023-02-01 11:02:24,12,TC,0.0,Fz_Taguchi,Padrão A,1.26,1.27,1.28,0.0086,16.4,14.315,14.315,14.315,14.3,0.9026,0.94404,0.9735,2.1725,30,65,5,0.56
2023-02-01 11:02:25,13,ToU,0.5,No_fuzzy,Padrão A,1.17,1.17,1.18,0.004,16.4,13.898,13.981,14.138,15.8,0.78544,0.80885,0.82789,3.404,30,65,5,0.56
2023-02-01 11:02:26,14,ToU,0.5,Fuzzy,Padrão A,1.18,1.2,1.23,0.023,16.4,12.418,13.319,13.906,15.8,0.84998,0.8743,0.89789,2.7327,30,65,5,0.56
2023-02-01 11:02:27,15,ToU,0.5,Taguchi,Padrão A,1.18,1.19,1.2,0.01,16.4,13.419,13.875,14.302,15.8,0.87701,0.9091,0.94035,2.6323,30,65,5,0.56
2023-02-01 11:02:28,16,ToU,0.5,Fz_Taguchi,Padrão A,1.19,1.2,1.22,0.013,16.4,12.995,13.597,13.906,15.8,0.90166,0.92158,0.95048,2.3328,30,65,5,0.56
2023-02-01 11:02:29,17,TC,0.0,No_fuzzy,Padrão A,1.23,1.24,1.26,0.0098,16.4,14.315,14.315,14.315,14.3,0.81589,0.8503,0.897,1.6559,39,70,9,0.67
2023-02-01 11:02:30,18,TC,0.0,Fuzzy,Padrão A,1.24,1.25,1.26,0.0076,16.4,14.315,14.315,14.315,14.3,0.85366,0.88141,0.9173,2.2044,39,70,9,0.67
2023-02-01 11:02:31,19,TC,0.0,Taguchi,Padrão A,1.27,1.27,1.28,0.0021,16.4,14.315,14.315,14.315,14.3,0.95149,0.96164,0.96821,3.1244,39,70,9,0.67
2023-02-01 11:02:32,20,TC,0.0,Fz_Taguchi,Padrão A,1.28,1.28,1.28,0.00049,16.4,14.315,14.315,14.315,14.3,0.96263,0.96507,0.96643,3.2235,39,70,9,0.67
2023-02-01 11:02:33,21,ToU,0.5,No_fuzzy,Padrão A,1.17,1.17,1.18,0.004,16.4,13.898,13.981,14.138,15.8,0.78544,0.80885,0.82789,3.4398,39,70,9,0.67
2023-02-01 11:02:34,22,ToU,0.5,Fuzzy,Padrão A,1.18,1.2,1.23,0.024,16.4,12.418,13.319,13.906,15.8,0.83384,0.85902,0.88689,2.7578,39,70,9,0.67
2023-02-01 11:02:35,23,ToU,0.5,Taguchi,Padrão A,1.18,1.19,1.2,0.01,16.4,13.419,13.875,14.302,15.8,0.87701,0.9091,0.94035,2.6831,39,70,9,0.67
2023-02-01 11:02:36,24,ToU,0.5,Fz_Taguchi,Padrão A,1.19,1.2,1.22,0.013,16.4,12.995,13.597,13.906,15.8,0.8955,0.91555,0.94289,2.5022,39,70,9,0.67
2023-02-08 14:02:37,1,TC,0.0,No_fuzzy,Padrão A,1.23,1.24,1.26,0.0098,16.4,14.315,14.315,14.315,14.3,0.81589,0.8503,0.897,1.6958,10,60,2,0.17
2023-02-08 14:02:38,2,TC,0.0,Fuzzy,Padrão A,1.28,1.28,1.28,0.00045,16.4,14.315,14.315,14.315,14.3,0.96362,0.96583,0.96707,2.0785,10,60,2,0.17
2023-02-08 14:02:39,3,TC,0.0,Taguchi,Padrão A,1.27,1.27,1.28,0.0021,16.4,14.315,14.315,14.315,14.3,0.95149,0.96164,0.96821,3.1724,10,60,2,0.17
2023-02-08 14:02:40,4,TC,0.0,Fz_Taguchi,Padrão A,1.27,1.28,1.28,0.0061,16.4,14.315,14.315,14.315,14.3,0.93794,0.96716,0.98766,3.9522,10,60,2,0.17
2023-02-08 14:02:41,5,ToU,0.75,No_fuzzy,Padrão A,1.14,1.18,1.22,0.035,16.4,12.306,13.284,13.906,15.8,0.78544,0.82556,0.84811,2.7913,10,60,2,0.17
2023-02-08 14:02:42,6,ToU,0.75,Fuzzy,Padrão A,1.14,1.17,1.23,0.042,16.4,12.306,13.516,14.335,15.8,0.90718,0.93113,0.94323,2.7354,10,60,2,0.17
2023-02-08 14:02:43,7,ToU,0.75,Taguchi,Padrão A,1.14,1.17,1.23,0.042,16.4,12.306,13.516,14.335,15.8,0.87701,0.92133,0.94926,2.779,10,60,2,0.17
2023-02-08 14:02:44,8,ToU,0.75,Fz_Taguchi,Padrão A,1.15,1.19,1.23,0.033,16.4,12.306,13.226,13.906,15.8,0.92351,0.95885,0.97699,3.3246,10,60,2,0.17
2023-02-08 14:02:45,9,TC,0.0,No_fuzzy,Padrão A,1.23,1.24,1.26,0.0098,16.4,14.315,14.315,14.315,14.3,0.81589,0.8503,0.897,1.6568,30,65,5,0.56
2023-02-08 14:02:46,10,TC,0.0,Fuzzy,Padrão A,1.25,1.25,1.26,0.0047,16.4,14.315,14.315,14.315,14.3,0.86691,0.88835,0.90722,2.3153,30,65,5,0.56
2023-02-08 14:02:47,11,TC,0.0,Taguchi,Padrão A,1.27,1.27,1.28,0.0021,16.4,14.315,14.315,14.315,14.3,0.95149,0.96164,0.96821,3.177,30,65,5,0.56
2023-02-08 14:02:48,12,TC,0.0,Fz_Taguchi,Padrão A,1.26,1.27,1.28,0.0086,16.4,14.315,14.315,14.315,14.3,0.9026,0.94404,0.9735,2.2481,30,65,5,0.56
2023-02-08 14:02:49,13,ToU,0.75,No_fuzzy,Padrão A,1.14,1.18,1.22,0.035,16.4,12.306,13.284,13.906,15.8,0.78544,0.82556,0.84811,2.8394,30,65,5,0.56
2023-02-08 14:02:50,14,ToU,0.75,Fuzzy,Padrão A,1.15,1.18,1.23,0.034,16.4,12.306,13.284,13.906,15.8,0.84998,0.88064,0.89847,2.8728,30,65,5,0.56
2023-02-08 14:02:51,15,ToU,0.75,Taguchi,Padrão A,1.14,1.17,1.23,0.042,16.4,12.306,13.516,14.335,15.8,0.87701,0.92133,0.94926,2.7356,30,65,5,0.56
2023-02-08 14:02:52,16,ToU,0.75,Fz_Taguchi,Padrão A,1.15,1.19,1.23,0.033,16.4,12.306,13.226,13.906,15.8,0.90166,0.94007,0.95998,3.3691,30,65,5,0.56
2023-02-08 14:02:53,17,TC,0.0,No_fuzzy,Padrão A,1.23,1.24,1.26,0.0098,16.4,14.315,14.315,14.315,14.3,0.81589,0.8503,0.897,1.659,39,70,9,0.67
2023-02-08 14:02:54,18,TC,0.0,Fuzzy,Padrão A,1.24,1.25,1.26,0.0076,16.4,14.315,14.315,14.315,14.3,0.85366,0.88141,0.9173,2.3685,39,70,9,0.67
2023-02-08 14:02:55,19,TC,0.0,Taguchi,Padrão A,1.27,1.27,1.28,0.0021,16.4,14.315,14.315,14.315,14.3,0.95149,0.96164,0.96821,3.2549,39,70,9,0.67
2023-02-08 14:02:56,20,TC,0.0,Fz_Taguchi,Padrão A,1.28,1.28,1.28,0.00049,16.4,14.315,14.315,14.315,14.3,0.96263,0.96507,0.96643,3.3284,39,70,9,0.67
2023-02-08 14:02:57,21,ToU,0.75,No_fuzzy,Padrão A,1.14,1.18,1.22,0.035,16.4,12.306,13.284,13.906,15.8,0.78544,0.82556,0.84811,3.0646,39,70,9,0.67
2023-02-08 14:02:58,22,ToU,0.75,Fuzzy,Padrão A,1.15,1.18,1.23,0.034,16.4,12.306,13.284,13.906,15.8,0.83384,0.86687,0.88588,2.9249,39,70,9,0.67
2023-02-08 14:02:59,23,ToU,0.75,Taguchi,Padrão A,1.14,1.17,1.23,0.042,16.4,12.306,13.516,14.335,15.8,0.87701,0.92133,0.94926,3.543,39,70,9,0.67
2023-02-08 14:03:00,24,ToU,0.75,Fz_Taguchi,Padrão A,1.15,1.21,1.24,0.04,16.4,12.093,12.768,13.906,15.8,0.8955,0.91873,0.9538,2.684,39,70,9,0.67
2023-03-15 12:03:23,1,TC,0.0,No_fuzzy,Padrão A,1.23,1.24,1.26,0.0098,16.4,14.315,14.315,14.315,14.3,0.81589,0.8503,0.897,1.7674,10,60,2,0.17
2023-03-15 12:03:24,2,TC,0.0,Fuzzy,Padrão A,1.28,1.28,1.28,0.00045,16.4,14.315,14.315,14.315,14.3,0.96362,0.96583,0.96707,2.1728,10,60,2,0.17
2023-03-15 12:03:25,3,TC,0.0,Taguchi,Padrão A,1.27,1.27,1.28,0.0021,16.4,14.315,14.315,14.315,14.3,0.95149,0.96164,0.96821,3.3896,10,60,2,0.17
2023-03-15 12:03:26,4,TC,0.0,Fz_Taguchi,Padrão A,1.27,1.28,1.28,0.0061,16.4,14.315,14.315,14.315,14.3,0.93794,0.96716,0.98766,4.1407,10,60,2,0.17
2023-03-15 12:03:27,5,ToU,0.75,No_fuzzy,Padrão A,1.14,1.18,1.22,0.035,16.4,12.306,13.284,13.906,15.8,0.78544,0.82556,0.84811,2.871,10,60,2,0.17
2023-03-15 12:03:28,6,ToU,0.75,Fuzzy,Padrão A,1.14,1.17,1.23,0.042,16.4,12.306,13.516,14.335,15.8,0.90718,0.93113,0.94323,2.8197,10,60,2,0.17
2023-03-15 12:03:29,7,ToU,0.75,Taguchi,Padrão A,1.14,1.17,1.23,0.042,16.4,12.306,13.516,14.335,15.8,0.87701,0.92133,0.94926,2.8936,10,60,2,0.17
2023-03-15 12:03:30,8,ToU,0.75,Fz_Taguchi,Padrão A,1.15,1.19,1.23,0.033,16.4,12.306,13.226,13.906,15.8,0.92351,0.95885,0.97699,3.445,10,60,2,0.17
2023-03-15 12:03:31,9,TC,0.0,No_fuzzy,Padrão A,1.23,1.24,1.26,0.0098,16.4,14.315,14.315,14.315,14.3,0.81589,0.8503,0.897,1.6882,30,65,5,0.56
2023-03-15 12:03:32,10,TC,0.0,Fuzzy,Padrão A,1.25,1.25,1.26,0.0047,16.4,14.315,14.315,14.315,14.3,0.86691,0.88835,0.90722,2.4824,30,65,5,0.56
2023-03-15 12:03:33,11,TC,0.0,Taguchi,Padrão A,1.27,1.27,1.28,0.0021,16.4,14.315,14.315,14.315,14.3,0.95149,0.96164,0.96821,3.2902,30,65,5,0.56
2023-03-15 12:03:34,12,TC,0.0,Fz_Taguchi,Padrão A,1.26,1.27,1.28,0.0086,16.4,14.315,14.315,14.315,14.3,0.9026,0.94404,0.9735,2.332,30,65,5,0.56
2023-03-15 12:03:35,13,ToU,0.75,No_fuzzy,Padrão A,1.14,1.18,1.22,0.035,16.4,12.306,13.284,13.906,15.8,0.78544,0.82556,0.84811,2.8986,30,65,5,0.56
2023-03-15 12:03:36,14,ToU,0.75,Fuzzy,Padrão A,1.15,1.18,1.23,0.034,16.4,12.306,13.284,13.906,15.8,0.84998,0.88064,0.89847,2.9074,30,65,5,0.56
2023-03-15 12:03:37,15,ToU,0.75,Taguchi,Padrão A,1.14,1.17,1.23,0.042,16.4,12.306,13.516,14.335,15.8,0.87701,0.92133,0.94926,2.8753,30,65,5,0.56
2023-03-15 12:03:38,16,ToU,0.75,Fz_Taguchi,Padrão A,1.15,1.19,1.23,0.033,16.4,12.306,13.226,13.906,15.8,0.90166,0.94007,0.95998,3.4022,30,65,5,0.56
2023-03-15 12:03:39,17,TC,0.0,No_fuzzy,Padrão A,1.23,1.24,1.26,0.0098,16.4,14.315,14.315,14.315,14.3,0.81589,0.8503,0.897,1.7071,39,70,9,0.67
2023-03-15 12:03:40,18,TC,0.0,Fuzzy,Padrão A,1.24,1.25,1.26,0.0076,16.4,14.315,14.315,14.315,14.3,0.85366,0.88141,0.9173,2.3074,39,70,9,0.67
2023-03-15 12:03:41,19,TC,0.0,Taguchi,Padrão A,1.27,1.27,1.28,0.0021,16.4,14.315,14.315,14.315,14.3,0.95149,0.96164,0.96821,3.3652,39,70,9,0.67
2023-03-15 12:03:42,20,TC,0.0,Fz_Taguchi,Padrão A,1.28,1.28,1.28,0.00049,16.4,14.315,14.315,14.315,14.3,0.96263,0.96507,0.96643,3.3613,39,70,9,0.67
2023-03-15 12:03:43,21,ToU,0.75,No_fuzzy,Padrão A,1.14,1.18,1.22,0.035,16.4,12.306,13.284,13.906,15.8,0.78544,0.82556,0.84811,2.8586,39,70,9,0.67
2023-03-15 12:03:44,22,ToU,0.75,Fuzzy,Padrão A,1.15,1.18,1.23,0.034,16.4,12.306,13.284,13.906,15.8,0.83384,0.86687,0.88588,2.9619,39,70,9,0.67
2023-03-15 12:03:45,23,ToU,0.75,Taguchi,Padrão A,1.14,1.17,1.23,0.042,16.4,12.306,13.516,14.335,15.8,0.87701,0.92133,0.94926,2.8518,39,70,9,0.67
2023-03-15 12:03:46,24,ToU,0.75,Fz_Taguchi,Padrão A,1.15,1.21,1.24,0.04,16.4,12.093,12.768,13.906,15.8,0.8955,0.91873,0.9538,2.5664,39,70,9,0.67
2023-02-08 14:02:53,1,TC,0.0,No_fuzzy,Padrão A,1.23,1.24,1.26,0.0098,16.4,14.315,14.315,14.315,14.3,0.81589,0.8503,0.897,1.8582,10,60,2,0.17
2023-02-08 14:02:54,2,TC,0.0,Fuzzy,Padrão A,1.28,1.28,1.28,0.00045,16.4,14.315,14.315,14.315,14.3,0.96362,0.96583,0.96707,2.3219,10,60,2,0.17
2023-02-08 14:02:55,3,TC,0.0,Taguchi,Padrão A,1.27,1.27,1.28,0.0021,16.4,14.315,14.315,14.315,14.3,0.95149,0.96164,0.96821,4.0679,10,60,2,0.17
2023-02-08 14:02:56,4,TC,0.0,Fz_Taguchi,Padrão A,1.27,1.28,1.28,0.0061,16.4,14.315,14.315,14.315,14.3,0.93794,0.96716,0.98766,4.3068,10,60,2,0.17
2023-02-08 14:02:57,5,ToU,0.25,No_fuzzy,Padrão A,1.2,1.21,1.22,0.01,16.4,13.192,13.772,14.223,15.8,0.78644,0.82522,0.84578,2.024,10,60,2,0.17
2023-02-08 14:02:58,6,ToU,0.25,Fuzzy,Padrão A,1.22,1.23,1.25,0.01,16.4,12.416,13.401,13.906,15.8,0.90718,0.91641,0.93332,2.2105,10,60,2,0.17
2023-02-08 14:02:59,7,ToU,0.25,Taguchi,Padrão A,1.22,1.22,1.23,0.0032,16.4,13.906,14.138,14.313,15.8,0.87701,0.91498,0.94296,1.8581,10,60,2,0.17
2023-02-08 14:03:00,8,ToU,0.25,Fz_Taguchi,Padrão A,1.23,1.24,1.24,0.0022,16.4,13.095,13.236,13.495,15.8,0.91211,0.91585,0.92075,3.2842,10,60,2,0.17
2023-02-08 14:03:01,9,TC,0.0,No_fuzzy,Padrão A,1.23,1.24,1.26,0.0098,16.4,14.315,14.315,14.315,14.3,0.81589,0.8503,0.897,1.7188,30,65,5,0.56
2023-02-08 14:03:02,10,TC,0.0,Fuzzy,Padrão A,1.25,1.25,1.26,0.0047,16.4,14.315,14.315,14.315,14.3,0.86691,0.88835,0.90722,2.3614,30,65,5,0.56
2023-02-08 14:03:03,11,TC,0.0,Taguchi,Padrão A,1.27,1.27,1.28,0.0021,16.4,14.315,14.315,14.315,14.3,0.95149,0.96164,0.96821,3.2647,30,65,5,0.56
2023-02-08 14:03:04,12,TC,0.0,Fz_Taguchi,Padrão A,1.26,1.27,1.28,0.0086,16.4,14.315,14.315,14.315,14.3,0.9026,0.94404,0.9735,2.2653,30,65,5,0.56
2023-02-08 14:03:05,13,ToU,0.25,No_fuzzy,Padrão A,1.2,1.21,1.22,0.01,16.4,13.192,13.772,14.223,15.8,0.78644,0.82522,0.84578,2.0538,30,65,5,0.56
2023-02-08 14:03:06,14,ToU,0.25,Fuzzy,Padrão A,1.21,1.22,1.22,0.0031,16.4,13.906,14.077,14.272,15.8,0.84998,0.88017,0.91216,2.2824,30,65,5,0.56
2023-02-08 14:03:07,15,ToU,0.25,Taguchi,Padrão A,1.22,1.22,1.23,0.0032,16.4,13.906,14.138,14.313,15.8,0.87701,0.91498,0.94296,1.8351,30,65,5,0.56
2023-02-08 14:03:08,16,ToU,0.25,Fz_Taguchi,Padrão A,1.22,1.23,1.24,0.0069,16.4,13.739,13.899,14.052,15.8,0.90166,0.94021,0.96793,2.9064,30,65,5,0.56
2023-02-08 14:03:09,17,TC,0.0,No_fuzzy,Padrão A,1.23,1.24,1.26,0.0098,16.4,14.315,14.315,14.315,14.3,0.81589,0.8503,0.897,1.7122,39,70,9,0.67
2023-02-08 14:03:10,18,TC,0.0,Fuzzy,Padrão A,1.24,1.25,1.26,0.0076,16.4,14.315,14.315,14.315,14.3,0.85366,0.88141,0.9173,2.2777,39,70,9,0.67
2023-02-08 14:03:11,19,TC,0.0,Taguchi,Padrão A,1.27,1.27,1.28,0.0021,16.4,14.315,14.315,14.315,14.3,0.95149,0.96164,0.96821,3.2579,39,70,9,0.67
2023-02-08 14:03:12,20,TC,0.0,Fz_Taguchi,Padrão A,1.28,1.28,1.28,0.00049,16.4,14.315,14.315,14.315,14.3,0.96263,0.96507,0.96643,3.3381,39,70,9,0.67
2023-02-08 14:03:13,21,ToU,0.25,No_fuzzy,Padrão A,1.2,1.21,1.22,0.01,16.4,13.192,13.772,14.223,15.8,0.78644,0.82522,0.84578,2.0503,39,70,9,0.67
2023-02-08 14:03:14,22,ToU,0.25,Fuzzy,Padrão A,1.21,1.21,1.21,0.00097,16.4,13.906,14.197,14.375,15.8,0.83384,0.86182,0.87844,1.7945,39,70,9,0.67
2023-02-08 14:03:15,23,ToU,0.25,Taguchi,Padrão A,1.22,1.22,1.23,0.0032,16.4,13.906,14.138,14.313,15.8,0.87701,0.91498,0.94296,1.8482,39,70,9,0.67
2023-02-08 14:03:16,24,ToU,0.25,Fz_Taguchi,Padrão A,1.22,1.23,1.25,0.011,16.4,13.316,13.744,14.01,15.8,0.8955,0.9377,0.97489,2.2061,39,70,9,0.67
2023-03-21 11:03:50,1,TC,0.0,No_fuzzy,Padrão A,1.23,1.24,1.26,0.0098,16.4,14.315,14.315,14.315,14.3,0.81589,0.8503,0.897,2.0879,10,60,2,0.17
2023-03-21 11:03:51,2,TC,0.0,Fuzzy,Padrão A,1.28,1.28,1.28,0.00045,16.4,14.315,14.315,14.315,14.3,0.96362,0.96583,0.96707,2.7586,10,60,2,0.17
2023-03-21 11:03:52,3,TC,0.0,Taguchi,Padrão A,1.27,1.27,1.28,0.0021,16.4,14.315,14.315,14.315,14.3,0.95149,0.96164,0.96821,3.9201,10,60,2,0.17
2023-03-21 11:03:53,4,TC,0.0,Fz_Taguchi,Padrão A,1.27,1.28,1.28,0.0061,16.4,14.315,14.315,14.315,14.3,0.93794,0.96716,0.98766,4.9526,10,60,2,0.17
2023-03-21 11:03:54,5,ToU,0.5,No_fuzzy,Padrão A,1.17,1.17,1.18,0.004,16.4,13.898,13.981,14.138,15.8,0.78544,0.80885,0.82789,4.3255,10,60,2,0.17
2023-03-21 11:03:55,6,ToU,0.5,Fuzzy,Padrão A,1.19,1.21,1.24,0.022,16.4,12.418,13.319,13.906,15.8,0.90718,0.92846,0.94132,3.4752,10,60,2,0.17
2023-03-21 11:03:56,7,ToU,0.5,Taguchi,Padrão A,1.18,1.19,1.2,0.01,16.4,13.419,13.875,14.302,15.8,0.87701,0.9091,0.94035,3.4596,10,60,2,0.17
2023-03-21 11:03:57,8,ToU,0.5,Fz_Taguchi,Padrão A,1.19,1.21,1.22,0.012,16.4,12.995,13.522,13.906,15.8,0.92351,0.94021,0.96913,2.9887,10,60,2,0.17
2023-03-21 11:03:58,9,TC,0.0,No_fuzzy,Padrão A,1.23,1.24,1.26,0.0098,16.4,14.315,14.315,14.315,14.3,0.81589,0.8503,0.897,2.1537,30,65,5,0.56
2023-03-21 11:03:59,10,TC,0.0,Fuzzy,Padrão A,1.25,1.25,1.26,0.0047,16.4,14.315,14.315,14.315,14.3,0.86691,0.88835,0.90722,2.8754,30,65,5,0.56
2023-03-21 11:04:00,11,TC,0.0,Taguchi,Padrão A,1.27,1.27,1.28,0.0021,16.4,14.315,14.315,14.315,14.3,0.95149,0.96164,0.96821,4.1222,30,65,5,0.56
2023-03-21 11:04:01,12,TC,0.0,Fz_Taguchi,Padrão A,1.26,1.27,1.28,0.0086,16.4,14.315,14.315,14.315,14.3,0.9026,0.94404,0.9735,2.8373,30,65,5,0.56
2023-03-21 11:04:02,13,ToU,0.5,No_fuzzy,Padrão A,1.17,1.17,1.18,0.004,16.4,13.898,13.981,14.138,15.8,0.78544,0.80885,0.82789,4.6424,30,65,5,0.56
2023-03-21 11:04:03,14,ToU,0.5,Fuzzy,Padrão A,1.18,1.2,1.23,0.023,16.4,12.418,13.319,13.906,15.8,0.84998,0.8743,0.89789,3.5043,30,65,5,0.56
2023-03-21 11:04:04,15,ToU,0.5,Taguchi,Padrão A,1.18,1.19,1.2,0.01,16.4,13.419,13.875,14.302,15.8,0.87701,0.9091,0.94035,3.4728,30,65,5,0.56
2023-03-21 11:04:05,16,ToU,0.5,Fz_Taguchi,Padrão A,1.19,1.2,1.22,0.013,16.4,12.995,13.597,13.906,15.8,0.90166,0.92158,0.95048,3.1765,30,65,5,0.56
2023-03-21 11:04:06,17,TC,0.0,No_fuzzy,Padrão A,1.23,1.24,1.26,0.0098,16.4,14.315,14.315,14.315,14.3,0.81589,0.8503,0.897,2.0897,39,70,9,0.67
2023-03-21 11:04:07,18,TC,0.0,Fuzzy,Padrão A,1.24,1.25,1.26,0.0076,16.4,14.315,14.315,14.315,14.3,0.85366,0.88141,0.9173,2.8119,39,70,9,0.67
2023-03-21 11:04:08,19,TC,0.0,Taguchi,Padrão A,1.27,1.27,1.28,0.0021,16.4,14.315,14.315,14.315,14.3,0.95149,0.96164,0.96821,4.1386,39,70,9,0.67
2023-03-21 11:04:09,20,TC,0.0,Fz_Taguchi,Padrão A,1.28,1.28,1.28,0.00049,16.4,14.315,14.315,14.315,14.3,0.96263,0.96507,0.96643,4.2232,39,70,9,0.67
2023-03-21 11:04:10,21,ToU,0.5,No_fuzzy,Padrão A,1.17,1.17,1.18,0.004,16.4,13.898,13.981,14.138,15.8,0.78544,0.80885,0.82789,4.2793,39,70,9,0.67
2023-03-21 11:04:11,22,ToU,0.5,Fuzzy,Padrão A,1.18,1.2,1.23,0.024,16.4,12.418,13.319,13.906,15.8,0.83384,0.85902,0.88689,3.2338,39,70,9,0.67
2023-03-21 11:04:12,23,ToU,0.5,Taguchi,Padrão A,1.18,1.19,1.2,0.01,16.4,13.419,13.875,14.302,15.8,0.87701,0.9091,0.94035,3.3475,39,70,9,0.67
2023-03-21 11:04:13,24,ToU,0.5,Fz_Taguchi,Padrão A,1.19,1.2,1.22,0.013,16.4,12.995,13.597,13.906,15.8,0.8955,0.91555,0.94289,2.8859,39,70,9,0.67
2023-03-21 11:03:34,1,TC,0.0,No_fuzzy,Padrão A,1.23,1.24,1.26,0.0098,16.4,14.315,14.315,14.315,14.3,0.81589,0.8503,0.897,2.2418,10,60,2,0.17
2023-03-21 11:03:35,2,TC,0.0,Fuzzy,Padrão A,1.28,1.28,1.28,0.00045,16.4,14.315,14.315,14.315,14.3,0.96362,0.96583,0.96707,2.543,10,60,2,0.17
2023-03-21 11:03:36,3,TC,0.0,Taguchi,Padrão A,1.27,1.27,1.28,0.0021,16.4,14.315,14.315,14.315,14.3,0.95149,0.96164,0.96821,4.0268,10,60,2,0.17
2023-03-21 11:03:37,4,TC,0.0,Fz_Taguchi,Padrão A,1.27,1.28,1.28,0.0061,16.4,14.315,14.315,14.315,14.3,0.93794,0.96716,0.98766,4.8509,10,60,2,0.17
2023-03-21 11:03:38,5,ToU,0.75,No_fuzzy,Padrão A,1.14,1.18,1.22,0.035,16.4,12.306,13.284,13.906,15.8,0.78544,0.82556,0.84811,3.3739,10,60,2,0.17
2023-03-21 11:03:39,6,ToU,0.75,Fuzzy,Padrão A,1.14,1.17,1.23,0.042,16.4,12.306,13.516,14.335,15.8,0.90718,0.93113,0.94323,3.6503,10,60,2,0.17
2023-03-21 11:03:40,7,ToU,0.75,Taguchi,Padrão A,1.14,1.17,1.23,0.042,16.4,12.306,13.516,14.335,15.8,0.87701,0.92133,0.94926,3.4659,10,60,2,0.17
2023-03-21 11:03:41,8,ToU,0.75,Fz_Taguchi,Padrão A,1.15,1.19,1.23,0.033,16.4,12.306,13.226,13.906,15.8,0.92351,0.95885,0.97699,4.177,10,60,2,0.17
2023-03-21 11:03:42,9,TC,0.0,No_fuzzy,Padrão A,1.23,1.24,1.26,0.0098,16.4,14.315,14.315,14.315,14.3,0.81589,0.8503,0.897,2.0506,30,65,5,0.56
2023-03-21 11:03:43,10,TC,0.0,Fuzzy,Padrão A,1.25,1.25,1.26,0.0047,16.4,14.315,14.315,14.315,14.3,0.86691,0.88835,0.90722,2.8778,30,65,5,0.56
2023-03-21 11:03:44,11,TC,0.0,Taguchi,Padrão A,1.27,1.27,1.28,0.0021,16.4,14.315,14.315,14.315,14.3,0.95149,0.96164,0.96821,3.9812,30,65,5,0.56
2023-03-21 11:03:45,12,TC,0.0,Fz_Taguchi,Padrão A,1.26,1.27,1.28,0.0086,16.4,14.315,14.315,14.315,14.3,0.9026,0.94404,0.9735,2.9619,30,65,5,0.56
2023-03-21 11:03:46,13,ToU,0.75,No_fuzzy,Padrão A,1.14,1.18,1.22,0.035,16.4,12.306,13.284,13.906,15.8,0.78544,0.82556,0.84811,3.1576,30,65,5,0.56
2023-03-21 11:03:47,14,ToU,0.75,Fuzzy,Padrão A,1.15,1.18,1.23,0.034,16.4,12.306,13.284,13.906,15.8,0.84998,0.88064,0.89847,2.8502,30,65,5,0.56
2023-03-21 11:03:48,15,ToU,0.75,Taguchi,Padrão A,1.14,1.17,1.23,0.042,16.4,12.306,13.516,14.335,15.8,0.87701,0.92133,0.94926,2.7976,30,65,5,0.56
2023-03-21 11:03:49,16,ToU,0.75,Fz_Taguchi,Padrão A,1.15,1.19,1.23,0.033,16.4,12.306,13.226,13.906,15.8,0.90166,0.94007,0.95998,3.3839,30,65,5,0.56
2023-03-21 11:03:50,17,TC,0.0,No_fuzzy,Padrão A,1.23,1.24,1.26,0.0098,16.4,14.315,14.315,14.315,14.3,0.81589,0.8503,0.897,1.6497,39,70,9,0.67
2023-03-21 11:03:51,18,TC,0.0,Fuzzy,Padrão A,1.24,1.25,1.26,0.0076,16.4,14.315,14.315,14.315,14.3,0.85366,0.88141,0.9173,2.2855,39,70,9,0.67
2023-03-21 11:03:52,19,TC,0.0,Taguchi,Padrão A,1.27,1.27,1.28,0.0021,16.4,14.315,14.315,14.315,14.3,0.95149,0.96164,0.96821,3.2963,39,70,9,0.67
2023-03-21 11:03:53,20,TC,0.0,Fz_Taguchi,Padrão A,1.28,1.28,1.28,0.00049,16.4,14.315,14.315,14.315,14.3,0.96263,0.96507,0.96643,3.4009,39,70,9,0.67
2023-03-21 11:03:54,21,ToU,0.75,No_fuzzy,Padrão A,1.14,1.18,1.22,0.035,16.4,12.306,13.284,13.906,15.8,0.78544,0.82556,0.84811,2.8841,39,70,9,0.67
2023-03-21 11:03:55,22,ToU,0.75,Fuzzy,Padrão A,1.15,1.18,1.23,0.034,16.4,12.306,13.284,13.906,15.8,0.83384,0.86687,0.88588,2.8563,39,70,9,0.67
2023-03-21 11:03:56,23,ToU,0.75,Taguchi,Padrão A,1.14,1.17,1.23,0.042,16.4,12.306,13.516,14.335,15.8,0.87701,0.92133,0.94926,2.8492,39,70,9,0.67
2023-03-21 11:03:57,24,ToU,0.75,Fz_Taguchi,Padrão A,1.15,1.21,1.24,0.04,16.4,12.093,12.768,13.906,15.8,0.8955,0.91873,0.9538,2.4532,39,70,9,0.67
2023-03-15 12:03:35,1,TC,0.0,No_fuzzy,Padrão A,1.23,1.24,1.26,0.0098,16.4,14.315,14.315,14.315,14.3,0.81589,0.8503,0.897,2.0688,10,60,2,0.17
2023-03-15 12:03:36,2,TC,0.0,Fuzzy,Padrão A,1.28,1.28,1.28,0.00045,16.4,14.315,14.315,14.315,14.3,0.96362,0.96583,0.96707,2.716,10,60,2,0.17
2023-03-15 12:03:37,3,TC,0.0,Taguchi,Padrão A,1.27,1.27,1.28,0.0021,16.4,14.315,14.315,14.315,14.3,0.95149,0.96164,0.96821,4.0413,10,60,2,0.17
2023-03-15 12:03:38,4,TC,0.0,Fz_Taguchi,Padrão A,1.27,1.28,1.28,0.0061,16.4,14.315,14.315,14.315,14.3,0.93794,0.96716,0.98766,5.2029,10,60,2,0.17
2023-03-15 12:03:39,5,ToU,0.25,No_fuzzy,Padrão A,1.2,1.21,1.22,0.01,16.4,13.192,13.772,14.223,15.8,0.78644,0.82522,0.84578,2.473,10,60,2,0.17
2023-03-15 12:03:40,6,ToU,0.25,Fuzzy,Padrão A,1.22,1.23,1.25,0.01,16.4,12.416,13.401,13.906,15.8,0.90718,0.91641,0.93332,2.7469,10,60,2,0.17
2023-03-15 12:03:41,7,ToU,0.25,Taguchi,Padrão A,1.22,1.22,1.23,0.0032,16.4,13.906,14.138,14.313,15.8,0.87701,0.91498,0.94296,2.2084,10,60,2,0.17
2023-03-15 12:03:42,8,ToU,0.25,Fz_Taguchi,Padrão A,1.23,1.24,1.24,0.0022,16.4,13.095,13.236,13.495,15.8,0.91211,0.91585,0.92075,3.7193,10,60,2,0.17
2023-03-15 12:03:43,9,TC,0.0,No_fuzzy,Padrão A,1.23,1.24,1.26,0.0098,16.4,14.315,14.315,14.315,14.3,0.81589,0.8503,0.897,1.8695,30,65,5,0.56
2023-03-15 12:03:44,10,TC,0.0,Fuzzy,Padrão A,1.25,1.25,1.26,0.0047,16.4,14.315,14.315,14.315,14.3,0.86691,0.88835,0.90722,2.4112,30,65,5,0.56
2023-03-15 12:03:45,11,TC,0.0,Taguchi,Padrão A,1.27,1.27,1.28,0.0021,16.4,14.315,14.315,14.315,14.3,0.95149,0.96164,0.96821,3.3357,30,65,5,0.56
2023-03-15 12:03:46,12,TC,0.0,Fz_Taguchi,Padrão A,1.26,1.27,1.28,0.0086,16.4,14.315,14.315,14.315,14.3,0.9026,0.94404,0.9735,2.3867,30,65,5,0.56
2023-03-15 12:03:47,13,ToU,0.25,No_fuzzy,Padrão A,1.2,1.21,1.22,0.01,16.4,13.192,13.772,14.223,15.8,0.78644,0.82522,0.84578,2.0611,30,65,5,0.56
2023-03-15 12:03:48,14,ToU,0.25,Fuzzy,Padrão A,1.21,1.22,1.22,0.0031,16.4,13.906,14.077,14.272,15.8,0.84998,0.88017,0.91216,2.3795,30,65,5,0.56
2023-03-15 12:03:49,15,ToU,0.25,Taguchi,Padrão A,1.22,1.22,1.23,0.0032,16.4,13.906,14.138,14.313,15.8,0.87701,0.91498,0.94296,1.8579,30,65,5,0.56
2023-03-15 12:03:50,16,ToU,0.25,Fz_Taguchi,Padrão A,1.22,1.23,1.24,0.0069,16.4,13.739,13.899,14.052,15.8,0.90166,0.94021,0.96793,2.9735,30,65,5,0.56
2023-03-15 12:03:51,17,TC,0.0,No_fuzzy,Padrão A,1.23,1.24,1.26,0.0098,16.4,14.315,14.315,14.315,14.3,0.81589,0.8503,0.897,1.712,39,70,9,0.67
2023-03-15 12:03:52,18,TC,0.0,Fuzzy,Padrão A,1.24,1.25,1.26,0.0076,16.4,14.315,14.315,14.315,14.3,0.85366,0.88141,0.9173,2.3023,39,70,9,0.67
2023-03-15 12:03:53,19,TC,0.0,Taguchi,Padrão A,1.27,1.27,1.28,0.0021,16.4,14.315,14.315,14.315,14.3,0.95149,0.96164,0.96821,3.2946,39,70,9,0.67
2023-03-15 12:03:54,20,TC,0.0,Fz_Taguchi,Padrão A,1.28,1.28,1.28,0.00049,16.4,14.315,14.315,14.315,14.3,0.96263,0.96507,0.96643,3.3898,39,70,9,0.67
2023-03-15 12:03:55,21,ToU,0.25,No_fuzzy,Padrão A,1.2,1.21,1.22,0.01,16.4,13.192,13.772,14.223,15.8,0.78644,0.82522,0.84578,2.0146,39,70,9,0.67
2023-03-15 12:03:56,22,ToU,0.25,Fuzzy,Padrão A,1.21,1.21,1.21,0.00097,16.4,13.906,14.197,14.375,15.8,0.83384,0.86182,0.87844,1.8504,39,70,9,0.67
2023-03-15 12:03:57,23,ToU,0.25,Taguchi,Padrão A,1.22,1.22,1.23,0.0032,16.4,13.906,14.138,14.313,15.8,0.87701,0.91498,0.94296,1.8784,39,70,9,0.67
2023-03-15 12:03:58,24,ToU,0.25,Fz_Taguchi,Padrão A,1.22,1.23,1.25,0.011,16.4,13.316,13.744,14.01,15.8,0.8955,0.9377,0.97489,2.2144,39,70,9,0.67
2023-03-15 12:03:59,1,TC,0.0,No_fuzzy,Padrão A,1.23,1.24,1.26,0.0098,16.4,14.315,14.315,14.315,14.3,0.81589,0.8503,0.897,1.8014,10,60,2,0.17
2023-03-15 12:04:00,2,TC,0.0,Fuzzy,Padrão A,1.28,1.28,1.28,0.00045,16.4,14.315,14.315,14.315,14.3,0.96362,0.96583,0.96707,2.1416,10,60,2,0.17
2023-03-15 12:04:01,3,TC,0.0,Taguchi,Padrão A,1.27,1.27,1.28,0.0021,16.4,14.315,14.315,14.315,14.3,0.95149,0.96164,0.96821,3.2827,10,60,2,0.17
2023-03-15 12:04:02,4,TC,0.0,Fz_Taguchi,Padrão A,1.27,1.28,1.28,0.0061,16.4,14.315,14.315,14.315,14.3,0.93794,0.96716,0.98766,4.1964,10,60,2,0.17
2023-03-15 12:04:03,5,ToU,0.5,No_fuzzy,Padrão A,1.17,1.17,1.18,0.004,16.4,13.898,13.981,14.138,15.8,0.78544,0.80885,0.82789,3.6503,10,60,2,0.17
2023-03-15 12:04:04,6,ToU,0.5,Fuzzy,Padrão A,1.19,1.21,1.24,0.022,16.4,12.418,13.319,13.906,15.8,0.90718,0.92846,0.94132,2.8636,10,60,2,0.17
2023-03-15 12:04:05,7,ToU,0.5,Taguchi,Padrão A,1.18,1.19,1.2,0.01,16.4,13.419,13.875,14.302,15.8,0.87701,0.9091,0.94035,2.8576,10,60,2,0.17
2023-03-15 12:04:06,8,ToU,0.5,Fz_Taguchi,Padrão A,1.19,1.21,1.22,0.012,16.4,12.995,13.522,13.906,15.8,0.92351,0.94021,0.96913,2.4843,10,60,2,0.17
2023-03-15 12:04:07,9,TC,0.0,No_fuzzy,Padrão A,1.23,1.24,1.26,0.0098,16.4,14.315,14.315,14.315,14.3,0.81589,0.8503,0.897,1.7136,30,65,5,0.56
2023-03-15 12:04:08,10,TC,0.0,Fuzzy,Padrão A,1.25,1.25,1.26,0.0047,16.4,14.315,14.315,14.315,14.3,0.86691,0.88835,0.90722,2.4582,30,65,5,0.56
2023-03-15 12:04:09,11,TC,0.0,Taguchi,Padrão A,1.27,1.27,1.28,0.0021,16.4,14.315,14.315,14.315,14.3,0.95149,0.96164,0.96821,3.2958,30,65,5,0.56
2023-03-15 12:04:10,12,TC,0.0,Fz_Taguchi,Padrão A,1.26,1.27,1.28,0.0086,16.4,14.315,14.315,14.315,14.3,0.9026,0.94404,0.9735,2.3276,30,65,5,0.56
2023-03-15 12:04:11,13,ToU,0.5,No_fuzzy,Padrão A,1.17,1.17,1.18,0.004,16.4,13.898,13.981,14.138,15.8,0.78544,0.80885,0.82789,3.6727,30,65,5,0.56
2023-03-15 12:04:12,14,ToU,0.5,Fuzzy,Padrão A,1.18,1.2,1.23,0.023,16.4,12.418,13.319,13.906,15.8,0.84998,0.8743,0.89789,2.9375,30,65,5,0.56
2023-03-15 12:04:13,15,ToU,0.5,Taguchi,Padrão A,1.18,1.19,1.2,0.01,16.4,13.419,13.875,14.302,15.8,0.87701,0.9091,0.94035,2.7178,30,65,5,0.56
2023-03-15 12:04:14,16,ToU,0.5,Fz_Taguchi,Padrão A,1.19,1.2,1.22,0.013,16.4,12.995,13.597,13.906,15.8,0.90166,0.92158,0.95048,2.4309,30,65,5,0.56
2023-03-15 12:04:15,17,TC,0.0,No_fuzzy,Padrão A,1.23,1.24,1.26,0.0098,16.4,14.315,14.315,14.315,14.3,0.81589,0.8503,0.897,1.7702,39,70,9,0.67
2023-03-15 12:04:16,18,TC,0.0,Fuzzy,Padrão A,1.24,1.25,1.26,0.0076,16.4,14.315,14.315,14.315,14.3,0.85366,0.88141,0.9173,2.3751,39,70,9,0.67
2023-03-15 12:04:17,19,TC,0.0,Taguchi,Padrão A,1.27,1.27,1.28,0.0021,16.4,14.315,14.315,14.315,14.3,0.95149,0.96164,0.96821,3.3427,39,70,9,0.67
2023-03-15 12:04:18,20,TC,0.0,Fz_Taguchi,Padrão A,1.28,1.28,1.28,0.00049,16.4,14.315,14.315,14.315,14.3,0.96263,0.96507,0.96643,3.4644,39,70,9,0.67
2023-03-15 12:04:19,21,ToU,0.5,No_fuzzy,Padrão A,1.17,1.17,1.18,0.004,16.4,13.898,13.981,14.138,15.8,0.78544,0.80885,0.82789,3.6004,39,70,9,0.67
2023-03-15 12:04:20,22,ToU,0.5,Fuzzy,Padrão A,1.18,1.2,1.23,0.024,16.4,12.418,13.319,13.906,15.8,0.83384,0.85902,0.88689,2.9145,39,70,9,0.67
2023-03-15 12:04:21,23,ToU,0.5,Taguchi,Padrão A,1.18,1.19,1.2,0.01,16.4,13.419,13.875,14.302,15.8,0.87701,0.9091,0.94035,3.0711,39,70,9,0.67
2023-03-15 12:04:22,24,ToU,0.5,Fz_Taguchi,Padrão A,1.19,1.2,1.22,0.013,16.4,12.995,13.597,13.906,15.8,0.8955,0.91555,0.94289,2.4566,39,70,9,0.67
2023-03-21 11:03:43,1,TC,0.0,No_fuzzy,Padrão A,1.23,1.24,1.26,0.0098,16.4,14.315,14.315,14.315,14.3,0.81589,0.8503,0.897,2.2486,10,60,2,0.17
2023-03-21 11:03:44,2,TC,0.0,Fuzzy,Padrão A,1.28,1.28,1.28,0.00045,16.4,14.315,14.315,14.315,14.3,0.96362,0.96583,0.96707,2.5714,10,60,2,0.17
2023-03-21 11:03:45,3,TC,0.0,Taguchi,Padrão A,1.27,1.27,1.28,0.0021,16.4,14.315,14.315,14.315,14.3,0.95149,0.96164,0.96821,4.1023,10,60,2,0.17
2023-03-21 11:03:46,4,TC,0.0,Fz_Taguchi,Padrão A,1.27,1.28,1.28,0.0061,16.4,14.315,14.315,14.315,14.3,0.93794,0.96716,0.98766,5.3228,10,60,2,0.17
2023-03-21 11:03:47,5,ToU,0.25,No_fuzzy,Padrão A,1.2,1.21,1.22,0.01,16.4,13.192,13.772,14.223,15.8,0.78644,0.82522,0.84578,2.7316,10,60,2,0.17
2023-03-21 11:03:48,6,ToU,0.25,Fuzzy,Padrão A,1.22,1.23,1.25,0.01,16.4,12.416,13.401,13.906,15.8,0.90718,0.91641,0.93332,2.9406,10,60,2,0.17
2023-03-21 11:03:49,7,ToU,0.25,Taguchi,Padrão A,1.22,1.22,1.23,0.0032,16.4,13.906,14.138,14.313,15.8,0.87701,0.91498,0.94296,2.243,10,60,2,0.17
2023-03-21 11:03:50,8,ToU,0.25,Fz_Taguchi,Padrão A,1.23,1.24,1.24,0.0022,16.4,13.095,13.236,13.495,15.8,0.91211,0.91585,0.92075,3.7033,10,60,2,0.17
2023-03-21 11:03:51,9,TC,0.0,No_fuzzy,Padrão A,1.23,1.24,1.26,0.0098,16.4,14.315,14.315,14.315,14.3,0.81589,0.8503,0.897,1.8776,30,65,5,0.56
2023-03-21 11:03:52,10,TC,0.0,Fuzzy,Padrão A,1.25,1.25,1.26,0.0047,16.4,14.315,14.315,14.315,14.3,0.86691,0.88835,0.90722,2.7149,30,65,5,0.56
2023-03-21 11:03:53,11,TC,0.0,Taguchi,Padrão A,1.27,1.27,1.28,0.0021,16.4,14.315,14.315,14.315,14.3,0.95149,0.96164,0.96821,3.9375,30,65,5,0.56
2023-03-21 11:03:54,12,TC,0.0,Fz_Taguchi,Padrão A,1.26,1.27,1.28,0.0086,16.4,14.315,14.315,14.315,14.3,0.9026,0.94404,0.9735,2.5687,30,65,5,0.56
2023-03-21 11:03:55,13,ToU,0.25,No_fuzzy,Padrão A,1.2,1.21,1.22,0.01,16.4,13.192,13.772,14.223,15.8,0.78644,0.82522,0.84578,2.2718,30,65,5,0.56
2023-03-21 11:03:56,14,ToU,0.25,Fuzzy,Padrão A,1.21,1.22,1.22,0.0031,16.4,13.906,14.077,14.272,15.8,0.84998,0.88017,0.91216,2.4415,30,65,5,0.56
2023-03-21 11:03:57,15,ToU,0.25,Taguchi,Padrão A,1.22,1.22,1.23,0.0032,16.4,13.906,14.138,14.313,15.8,0.87701,0.91498,0.94296,2.2542,30,65,5,0.56
2023-03-21 11:03:58,16,ToU,0.25,Fz_Taguchi,Padrão A,1.22,1.23,1.24,0.0069,16.4,13.739,13.899,14.052,15.8,0.90166,0.94021,0.96793,3.6826,30,65,5,0.56
2023-03-21 11:03:59,17,TC,0.0,No_fuzzy,Padrão A,1.23,1.24,1.26,0.0098,16.4,14.315,14.315,14.315,14.3,0.81589,0.8503,0.897,2.0592,39,70,9,0.67
2023-03-21 11:04:00,18,TC,0.0,Fuzzy,Padrão A,1.24,1.25,1.26,0.0076,16.4,14.315,14.315,14.315,14.3,0.85366,0.88141,0.9173,2.7753,39,70,9,0.67
2023-03-21 11:04:01,19,TC,0.0,Taguchi,Padrão A,1.27,1.27,1.28,0.0021,16.4,14.315,14.315,14.315,14.3,0.95149,0.96164,0.96821,4.2307,39,70,9,0.67
2023-03-21 11:04:02,20,TC,0.0,Fz_Taguchi,Padrão A,1.28,1.28,1.28,0.00049,16.4,14.315,14.315,14.315,14.3,0.96263,0.96507,0.96643,4.0887,39,70,9,0.67
2023-03-21 11:04:03,21,ToU,0.25,No_fuzzy,Padrão A,1.2,1.21,1.22,0.01,16.4,13.192,13.772,14.223,15.8,0.78644,0.82522,0.84578,2.4016,39,70,9,0.67
2023-03-21 11:04:04,22,ToU,0.25,Fuzzy,Padrão A,1.21,1.21,1.21,0.00097,16.4,13.906,14.197,14.375,15.8,0.83384,0.86182,0.87844,2.2021,39,70,9,0.67
2023-03-21 11:04:05,23,ToU,0.25,Taguchi,Padrão A,1.22,1.22,1.23,0.0032,16.4,13.906,14.138,14.313,15.8,0.87701,0.91498,0.94296,2.3005,39,70,9,0.67
2023-03-21 11:04:06,24,ToU,0.25,Fz_Taguchi,Padrão A,1.22,1.23,1.25,0.011,16.4,13.316,13.744,14.01,15.8,0.8955,0.9377,0.97489,2.6517,39,70,9,0.67
2023-02-01 11:02:25,1,TC,0.0,No_fuzzy,Padrão A,1.23,1.24,1.26,0.0098,16.4,14.315,14.315,14.315,14.3,0.81589,0.8503,0.897,1.6642,10,60,2,0.17
2023-02-01 11:02:26,2,TC,0.0,Fuzzy,Padrão A,1.28,1.28,1.28,0.00045,16.4,14.315,14.315,14.315,14.3,0.96362,0.96583,0.96707,2.0338,10,60,2,0.17
2023-02-01 11:02:27,3,TC,0.0,Taguchi,Padrão A,1.27,1.27,1.28,0.0021,16.4,14.315,14.315,14.315,14.3,0.95149,0.96164,0.96821,3.1079,10,60,2,0.17
2023-02-01 11:02:28,4,TC,0.0,Fz_Taguchi,Padrão A,1.27,1.28,1.28,0.0061,16.4,14.315,14.315,14.315,14.3,0.93794,0.96716,0.98766,3.8826,10,60,2,0.17
2023-02-01 11:02:29,5,ToU,0.75,No_fuzzy,Padrão A,1.14,1.18,1.22,0.035,16.4,12.306,13.284,13.906,15.8,0.78544,0.82556,0.84811,2.7357,10,60,2,0.17
2023-02-01 11:02:30,6,ToU,0.75,Fuzzy,Padrão A,1.14,1.17,1.23,0.042,16.4,12.306,13.516,14.335,15.8,0.90718,0.93113,0.94323,2.6705,10,60,2,0.17
2023-02-01 11:02:31,7,ToU,0.75,Taguchi,Padrão A,1.14,1.17,1.23,0.042,16.4,12.306,13.516,14.335,15.8,0.87701,0.92133,0.94926,2.6932,10,60,2,0.17
2023-02-01 11:02:32,8,ToU,0.75,Fz_Taguchi,Padrão A,1.15,1.19,1.23,0.033,16.4,12.306,13.226,13.906,15.8,0.92351,0.95885,0.97699,3.3011,10,60,2,0.17
2023-02-01 11:02:33,9,TC,0.0,No_fuzzy,Padrão A,1.23,1.24,1.26,0.0098,16.4,14.315,14.315,14.315,14.3,0.81589,0.8503,0.897,1.6094,30,65,5,0.56
2023-02-01 11:02:34,10,TC,0.0,Fuzzy,Padrão A,1.25,1.25,1.26,0.0047,16.4,14.315,14.315,14.315,14.3,0.86691,0.88835,0.90722,2.2818,30,65,5,0.56
2023-02-01 11:02:35,11,TC,0.0,Taguchi,Padrão A,1.27,1.27,1.28,0.0021,16.4,14.315,14.315,14.315,14.3,0.95149,0.96164,0.96821,3.1019,30,65,5,0.56
2023-02-01 11:02:36,12,TC,0.0,Fz_Taguchi,Padrão A,1.26,1.27,1.28,0.0086,16.4,14.315,14.315,14.315,14.3,0.9026,0.94404,0.9735,2.2094,30,65,5,0.56
2023-02-01 11:02:37,13,ToU,0.75,No_fuzzy,Padrão A,1.14,1.18,1.22,0.035,16.4,12.306,13.284,13.906,15.8,0.78544,0.82556,0.84811,2.685,30,65,5,0.56
2023-02-01 11:02:38,14,ToU,0.75,Fuzzy,Padrão A,1.15,1.18,1.23,0.034,16.4,12.306,13.284,13.906,15.8,0.84998,0.88064,0.89847,2.7323,30,65,5,0.56
2023-02-01 11:02:39,15,ToU,0.75,Taguchi,Padrão A,1.14,1.17,1.23,0.042,16.4,12.306,13.516,14.335,15.8,0.87701,0.92133,0.94926,2.7005,30,65,5,0.56
2023-02-01 11:02:40,16,ToU,0.75,Fz_Taguchi,Padrão A,1.15,1.19,1.23,0.033,16.4,12.306,13.226,13.906,15.8,0.90166,0.94007,0.95998,3.2593,30,65,5,0.56
2023-02-01 11:02:41,17,TC,0.0,No_fuzzy,Padrão A,1.23,1.24,1.26,0.0098,16.4,14.315,14.315,14.315,14.3,0.81589,0.8503,0.897,1.6259,39,70,9,0.67
2023-02-01 11:02:42,18,TC,0.0,Fuzzy,Padrão A,1.24,1.25,1.26,0.0076,16.4,14.315,14.315,14.315,14.3,0.85366,0.88141,0.9173,2.2129,39,70,9,0.67
2023-02-01 11:02:43,19,TC,0.0,Taguchi,Padrão A,1.27,1.27,1.28,0.0021,16.4,14.315,14.315,14.315,14.3,0.95149,0.96164,0.96821,3.1239,39,70,9,0.67
2023-02-01 11:02:44,20,TC,0.0,Fz_Taguchi,Padrão A,1.28,1.28,1.28,0.00049,16.4,14.315,14.315,14.315,14.3,0.96263,0.96507,0.96643,3.2163,39,70,9,0.67
2023-02-01 11:02:45,21,ToU,0.75,No_fuzzy,Padrão A,1.14,1.18,1.22,0.035,16.4,12.306,13.284,13.906,15.8,0.78544,0.82556,0.84811,2.6978,39,70,9,0.67
2023-02-01 11:02:46,22,ToU,0.75,Fuzzy,Padrão A,1.15,1.18,1.23,0.034,16.4,12.306,13.284,13.906,15.8,0.83384,0.86687,0.88588,2.7483,39,70,9,0.67
2023-02-01 11:02:47,23,ToU,0.75,Taguchi,Padrão A,1.14,1.17,1.23,0.042,16.4,12.306,13.516,14.335,15.8,0.87701,0.92133,0.94926,2.7399,39,70,9,0.67
2023-02-01 11:02:48,24,ToU,0.75,Fz_Taguchi,Padrão A,1.15,1.21,1.24,0.04,16.4,12.093,12.768,13.906,15.8,0.8955,0.91873,0.9538,2.3725,39,70,9,0.67
2023-02-08 14:02:16,1,TC,0.0,No_fuzzy,Padrão A,1.23,1.24,1.26,0.0098,16.4,14.315,14.315,14.315,14.3,0.81589,0.8503,0.897,1.7356,10,60,2,0.17
2023-02-08 14:02:17,2,TC,0.0,Fuzzy,Padrão A,1.28,1.28,1.28,0.00045,16.4,14.315,14.315,14.315,14.3,0.96362,0.96583,0.96707,2.1501,10,60,2,0.17
2023-02-08 14:02:18,3,TC,0.0,Taguchi,Padrão A,1.27,1.27,1.28,0.0021,16.4,14.315,14.315,14.315,14.3,0.95149,0.96164,0.96821,3.2886,10,60,2,0.17
2023-02-08 14:02:19,4,TC,0.0,Fz_Taguchi,Padrão A,1.27,1.28,1.28,0.0061,16.4,14.315,14.315,14.315,14.3,0.93794,0.96716,0.98766,4.0607,10,60,2,0.17
2023-02-08 14:02:20,5,ToU,0.5,No_fuzzy,Padrão A,1.17,1.17,1.18,0.004,16.4,13.898,13.981,14.138,15.8,0.78544,0.80885,0.82789,4.0495,10,60,2,0.17
2023-02-08 14:02:21,6,ToU,0.5,Fuzzy,Padrão A,1.19,1.21,1.24,0.022,16.4,12.418,13.319,13.906,15.8,0.90718,0.92846,0.94132,3.1622,10,60,2,0.17
2023-02-08 14:02:22,7,ToU,0.5,Taguchi,Padrão A,1.18,1.19,1.2,0.01,16.4,13.419,13.875,14.302,15.8,0.87701,0.9091,0.94035,3.0929,10,60,2,0.17
2023-02-08 14:02:23,8,ToU,0.5,Fz_Taguchi,Padrão A,1.19,1.21,1.22,0.012,16.4,12.995,13.522,13.906,15.8,0.92351,0.94021,0.96913,2.5331,10,60,2,0.17
2023-02-08 14:02:24,9,TC,0.0,No_fuzzy,Padrão A,1.23,1.24,1.26,0.0098,16.4,14.315,14.315,14.315,14.3,0.81589,0.8503,0.897,1.7007,30,65,5,0.56
2023-02-08 14:02:25,10,TC,0.0,Fuzzy,Padrão A,1.25,1.25,1.26,0.0047,16.4,14.315,14.315,14.315,14.3,0.86691,0.88835,0.90722,2.3602,30,65,5,0.56
2023-02-08 14:02:26,11,TC,0.0,Taguchi,Padrão A,1.27,1.27,1.28,0.0021,16.4,14.315,14.315,14.315,14.3,0.95149,0.96164,0.96821,3.2537,30,65,5,0.56
2023-02-08 14:02:27,12,TC,0.0,Fz_Taguchi,Padrão A,1.26,1.27,1.28,0.0086,16.4,14.315,14.315,14.315,14.3,0.9026,0.94404,0.9735,2.292,30,65,5,0.56
2023-02-08 14:02:28,13,ToU,0.5,No_fuzzy,Padrão A,1.17,1.17,1.18,0.004,16.4,13.898,13.981,14.138,15.8,0.78544,0.80885,0.82789,3.576,30,65,5,0.56
2023-02-08 14:02:29,14,ToU,0.5,Fuzzy,Padrão A,1.18,1.2,1.23,0.023,16.4,12.418,13.319,13.906,15.8,0.84998,0.8743,0.89789,2.8642,30,65,5,0.56
2023-02-08 14:02:30,15,ToU,0.5,Taguchi,Padrão A,1.18,1.19,1.2,0.01,16.4,13.419,13.875,14.302,15.8,0.87701,0.9091,0.94035,2.8058,30,65,5,0.56
2023-02-08 14:02:31,16,ToU,0.5,Fz_Taguchi,Padrão A,1.19,1.2,1.22,0.013,16.4,12.995,13.597,13.906,15.8,0.90166,0.92158,0.95048,2.4398,30,65,5,0.56
2023-02-08 14:02:32,17,TC,0.0,No_fuzzy,Padrão A,1.23,1.24,1.26,0.0098,16.4,14.315,14.315,14.315,14.3,0.81589,0.8503,0.897,1.7703,39,70,9,0.67
2023-02-08 14:02:33,18,TC,0.0,Fuzzy,Padrão A,1.24,1.25,1.26,0.0076,16.4,14.315,14.315,14.315,14.3,0.85366,0.88141,0.9173,2.2967,39,70,9,0.67
2023-02-08 14:02:34,19,TC,0.0,Taguchi,Padrão A,1.27,1.27,1.28,0.0021,16.4,14.315,14.315,14.315,14.3,0.95149,0.96164,0.96821,3.1797,39,70,9,0.67
2023-02-08 14:02:35,20,TC,0.0,Fz_Taguchi,Padrão A,1.28,1.28,1.28,0.00049,16.4,14.315,14.315,14.315,14.3,0.96263,0.96507,0.96643,3.3383,39,70,9,0.67
2023-02-08 14:02:36,21,ToU,0.5,No_fuzzy,Padrão A,1.17,1.17,1.18,0.004,16.4,13.898,13.981,14.138,15.8,0.78544,0.80885,0.82789,3.5275,39,70,9,0.67
2023-02-08 14:02:37,22,ToU,0.5,Fuzzy,Padrão A,1.18,1.2,1.23,0.024,16.4,12.418,13.319,13.906,15.8,0.83384,0.85902,0.88689,2.8153,39,70,9,0.67
2023-02-08 14:02:38,23,ToU,0.5,Taguchi,Padrão A,1.18,1.19,1.2,0.01,16.4,13.419,13.875,14.302,15.8,0.87701,0.9091,0.94035,2.6924,39,70,9,0.67
2023-02-08 14:02:39,24,ToU,0.5,Fz_Taguchi,Padrão A,1.19,1.2,1.22,0.013,16.4,12.995,13.597,13.906,15.8,0.8955,0.91555,0.94289,2.3801,39,70,9,0.67
