,Casa,tarifa,alfa,conf_tip,cargas,fit_min,fit_med,fit_max,std_dev,consumo,custo_med,target,econ,conf_med,t_med
2022-06-27 23:06:46,1,Fixa,0.0,Fuzzy,Padrão A,1.23,1.26,1.27,0.0087,16.4,14.3,14.3,0.00%,89.78%,2.43
2022-06-27 23:06:47,2,ToU,0.5,No_fuzzy,Padrão A,1.09,1.18,1.23,37,16.4,13.7,15.8,13.06%,82.86%,2.73
2022-06-27 23:06:48,3,Fixa,0.0,No_fuzzy,Padrão B,1.17,1.23,1.26,26,14.5,12.7,12.7,-0.00%,79.42%,765
2022-06-27 23:06:49,4,Fixa,0.0,Fuzzy,Padrão B,1.2,1.24,1.27,16,14.5,12.7,12.7,-0.00%,84.54%,777
2022-06-27 23:06:50,5,Fixa,0.0,No_fuzzy,Padrão A,1.22,1.25,1.27,11,16.4,14.3,14.3,0.00%,86.79%,2.33
2022-06-27 23:06:51,6,ToU,0.25,No_fuzzy,Padrão B,1.11,1.17,1.2,23,14.5,13.3,13.8,3.48%,74.83%,857
2022-06-27 23:06:52,7,ToU,0.5,Fuzzy,Padrão A,1.16,1.2,1.25,26,16.4,13.2,15.8,15.94%,86.65%,2.65
2022-06-27 23:06:53,8,Fixa,0.0,No_fuzzy,Padrão A,1.22,1.25,1.26,13,16.4,14.3,14.3,0.00%,86.56%,2.35
2022-06-27 23:06:54,9,ToU,0.25,No_fuzzy,Padrão A,1.18,1.21,1.24,15,16.4,13.6,15.8,13.90%,83.96%,2.67
2022-06-27 23:06:55,10,Fixa,0.0,Fuzzy,Padrão A,1.24,1.26,1.27,0.0078,16.4,14.3,14.3,0.00%,89.82%,2.31
2022-06-27 23:06:56,11,ToU,0.5,Fuzzy,Padrão C,1.09,1.14,1.18,28,14.5,13.1,13.8,5.14%,83.01%,742
2022-06-27 23:06:57,12,Fixa,0.0,Fuzzy,Padrão B,1.2,1.24,1.27,18,14.5,12.7,12.7,-0.00%,82.73%,761
2022-06-27 23:06:58,13,Fixa,0.0,No_fuzzy,Padrão C,1.17,1.23,1.26,19,14.5,12.7,12.7,-0.00%,80.92%,849
2022-06-27 23:06:59,14,ToU,0.75,Fuzzy,Padrão A,1.08,1.18,1.25,0.04,16.4,13.4,15.8,15.25%,86.45%,2.66
2022-06-27 23:07:00,15,Fixa,0.0,Fuzzy,Padrão A,1.24,1.26,1.27,0.0086,16.4,14.3,14.3,0.00%,90.80%,2.3
2022-06-27 23:07:01,16,ToU,0.0,No_fuzzy,Padrão B,1.16,1.22,1.26,28,14.5,14.2,13.8,-3.16%,77.71%,0.85
2022-06-27 23:07:02,17,ToU,0.0,Fuzzy,Padrão A,1.24,1.26,1.27,0.0084,16.4,15.1,15.8,4.21%,90.00%,2.47
2022-06-27 23:07:03,18,ToU,0.75,Fuzzy,Padrão A,1.09,1.17,1.25,46,16.4,13.5,15.8,14.59%,86.71%,2.74
2022-06-27 23:07:04,19,Fixa,0.0,No_fuzzy,Padrão C,1.17,1.22,1.27,21,14.5,12.7,12.7,-0.00%,77.23%,871
2022-06-27 23:07:05,20,Fixa,0.0,Fuzzy,Padrão B,1.18,1.24,1.27,21,14.5,12.7,12.7,-0.00%,84.23%,873
2022-06-27 23:07:06,21,Fixa,0.0,Fuzzy,Padrão A,1.24,1.26,1.27,0.0085,16.4,14.3,14.3,0.00%,89.75%,2.16
2022-06-27 23:07:07,22,Fixa,0.0,Fuzzy,Padrão C,1.2,1.24,1.27,17,14.5,12.7,12.7,-0.00%,84.11%,733
2022-06-27 23:07:08,23,Fixa,0.0,No_fuzzy,Padrão A,1.22,1.25,1.27,11,16.4,14.3,14.3,0.00%,86.25%,2.34
2022-06-27 23:07:09,24,ToU,0.75,Fuzzy,Padrão A,1.07,1.16,1.24,46,16.4,13.8,15.8,12.65%,87.60%,2.62
2022-06-27 23:07:10,25,Fixa,0.0,Fuzzy,Padrão B,1.21,1.24,1.27,17,14.5,12.7,12.7,-0.00%,83.82%,0.71
2022-06-27 23:07:11,26,ToU,0.0,Fuzzy,Padrão A,1.24,1.26,1.27,0.0083,16.4,15.0,15.8,4.90%,90.05%,2.17
2022-06-27 23:07:12,27,ToU,1.0,No_fuzzy,Padrão C,0.93,1.04,1.11,52,14.5,13.2,13.8,3.86%,71.57%,704
2022-06-27 23:07:13,28,Fixa,0.0,No_fuzzy,Padrão C,1.15,1.22,1.26,29,14.5,12.7,12.7,-0.00%,77.29%,909
2022-06-27 23:07:14,29,Fixa,0.0,Fuzzy,Padrão A,1.23,1.26,1.27,0.0091,16.4,14.3,14.3,0.00%,89.86%,2.42
2022-06-27 23:07:15,30,ToU,0.5,No_fuzzy,Padrão A,1.13,1.18,1.25,29,16.4,13.7,15.8,13.20%,82.81%,2.55
2022-06-27 23:07:16,31,Fixa,0.0,No_fuzzy,Padrão B,1.16,1.23,1.26,26,14.5,12.7,12.7,-0.00%,78.88%,954
2022-06-27 23:07:17,32,ToU,0.0,Fuzzy,Padrão B,1.18,1.24,1.27,19,14.5,14.4,13.8,-4.74%,85.04%,838
2022-06-27 23:07:18,33,Fixa,0.0,No_fuzzy,Padrão C,1.16,1.23,1.26,22,14.5,12.7,12.7,-0.00%,80.35%,784
2022-06-27 23:07:19,34,Fixa,0.0,Fuzzy,Padrão A,1.24,1.25,1.27,9,16.4,14.3,14.3,0.00%,89.01%,2.5
2022-06-27 23:07:20,35,Fixa,0.0,No_fuzzy,Padrão A,1.22,1.25,1.27,11,16.4,14.3,14.3,0.00%,86.92%,2.4
2022-06-27 23:07:21,36,ToU,0.5,No_fuzzy,Padrão A,1.12,1.19,1.24,33,16.4,13.4,15.8,14.66%,83.45%,2.4
2022-06-27 23:07:22,37,Fixa,0.0,Fuzzy,Padrão A,1.24,1.26,1.27,0.0094,16.4,14.3,14.3,0.00%,89.80%,2.2
2022-06-27 23:07:23,38,ToU,1.0,Fuzzy,Padrão B,934,1.03,1.11,48,14.5,13.3,13.8,3.32%,76.30%,694
2022-06-27 23:07:24,39,Fixa,0.0,No_fuzzy,Padrão C,1.17,1.22,1.25,21,14.5,12.7,12.7,-0.00%,77.87%,731
2022-06-27 23:07:25,40,ToU,1.0,No_fuzzy,Padrão A,991,1.15,1.26,65,16.4,13.4,15.8,14.77%,82.03%,2.5
2022-06-27 23:07:26,41,ToU,0.25,Fuzzy,Padrão C,1.13,1.19,1.22,24,14.5,13.2,13.8,3.81%,81.95%,741
2022-06-27 23:07:27,42,ToU,0.75,No_fuzzy,Padrão B,0.99,1.09,1.14,46,14.5,13.1,13.8,5.14%,72.34%,901
2022-06-27 23:07:28,43,Fixa,0.0,Fuzzy,Padrão C,1.18,1.24,1.27,24,14.5,12.7,12.7,-0.00%,83.60%,828
2022-06-27 23:07:29,44,ToU,0.75,No_fuzzy,Padrão A,1.06,1.17,1.25,45,16.4,13.5,15.8,14.44%,82.29%,2.47
2022-06-27 23:07:30,45,ToU,0.25,Fuzzy,Padrão A,1.18,1.22,1.25,16,16.4,13.8,15.8,12.28%,87.61%,2.69
2022-06-27 23:07:31,46,ToU,1.0,No_fuzzy,Padrão C,969,1.05,1.11,48,14.5,13.1,13.8,4.88%,71.46%,611
2022-06-27 23:07:32,47,ToU,0.75,Fuzzy,Padrão A,1.08,1.16,1.24,39,16.4,13.7,15.8,13.17%,86.21%,2.44
2022-06-27 23:07:33,48,ToU,0.75,No_fuzzy,Padrão B,1.0,1.08,1.14,0.04,14.5,13.2,13.8,4.19%,70.18%,707
2022-06-27 23:07:34,49,Fixa,0.0,No_fuzzy,Padrão C,1.18,1.22,1.26,21,14.5,12.7,12.7,-0.00%,78.74%,878
2022-06-27 23:07:35,50,Fixa,0.0,No_fuzzy,Padrão A,1.22,1.25,1.26,11,16.4,14.3,14.3,0.00%,86.50%,2.49
2022-06-27 23:07:36,51,Fixa,0.0,No_fuzzy,Padrão B,1.16,1.22,1.25,25,14.5,12.7,12.7,-0.00%,78.36%,811
2022-06-27 23:07:37,52,Fixa,0.0,Fuzzy,Padrão A,1.23,1.26,1.27,0.0091,16.4,14.3,14.3,0.00%,89.54%,2.34
2022-06-27 23:07:38,53,Fixa,0.0,No_fuzzy,Padrão A,1.21,1.25,1.27,12,16.4,14.3,14.3,0.00%,86.68%,2.46
2022-06-27 23:07:39,54,ToU,0.25,Fuzzy,Padrão C,1.14,1.18,1.21,21,14.5,13.4,13.8,2.92%,81.68%,815
2022-06-27 23:07:40,55,ToU,0.0,No_fuzzy,Padrão A,1.21,1.25,1.27,12,16.4,14.9,15.8,5.40%,86.38%,2.36
2022-06-27 23:07:41,56,ToU,0.25,No_fuzzy,Padrão C,1.12,1.17,1.21,28,14.5,13.5,13.8,1.94%,76.73%,837
2022-06-27 23:07:42,57,Fixa,0.0,Fuzzy,Padrão B,1.2,1.25,1.27,14,14.5,12.7,12.7,-0.00%,86.96%,906
2022-06-27 23:07:43,58,Fixa,0.0,No_fuzzy,Padrão C,1.15,1.22,1.26,28,14.5,12.7,12.7,-0.00%,77.12%,803
2022-06-27 23:07:44,59,Fixa,0.0,Fuzzy,Padrão C,1.21,1.24,1.27,14,14.5,12.7,12.7,-0.00%,85.63%,718
2022-06-27 23:07:45,60,Fixa,0.0,Fuzzy,Padrão A,1.24,1.26,1.27,0.0077,16.4,14.3,14.3,0.00%,89.60%,2.07
2022-06-27 23:07:46,61,Fixa,0.0,Fuzzy,Padrão A,1.23,1.25,1.27,0.0096,16.4,14.3,14.3,0.00%,88.04%,2.13
2022-06-27 23:07:47,62,Fixa,0.0,No_fuzzy,Padrão B,1.15,1.22,1.26,28,14.5,12.7,12.7,-0.00%,76.36%,795
2022-06-27 23:07:48,63,ToU,0.5,No_fuzzy,Padrão C,1.06,1.12,1.17,28,14.5,13.4,13.8,3.02%,70.63%,864
2022-06-27 23:07:49,64,Fixa,0.0,No_fuzzy,Padrão B,1.16,1.22,1.25,21,14.5,12.7,12.7,-0.00%,77.69%,806
2022-06-27 23:07:50,65,ToU,0.75,Fuzzy,Padrão C,1.01,1.1,1.15,36,14.5,13.0,13.8,5.59%,80.40%,759
2022-06-27 23:07:51,66,ToU,1.0,Fuzzy,Padrão B,931,1.04,1.11,0.05,14.5,13.3,13.8,3.78%,77.49%,736
2022-06-27 23:07:52,67,Fixa,0.0,No_fuzzy,Padrão A,1.21,1.25,1.26,12,16.4,14.3,14.3,0.00%,85.89%,2.53
2022-06-27 23:07:53,68,Fixa,0.0,Fuzzy,Padrão A,1.23,1.26,1.27,0.0085,16.4,14.3,14.3,0.00%,89.84%,2.34
2022-06-27 23:07:54,69,ToU,0.0,No_fuzzy,Padrão C,1.2,1.23,1.25,16,14.5,14.2,13.8,-3.20%,81.26%,901
2022-06-27 23:07:55,70,Fixa,0.0,No_fuzzy,Padrão A,1.23,1.25,1.26,0.0079,16.4,14.3,14.3,0.00%,86.77%,2.49
2022-06-27 23:07:56,71,ToU,0.25,No_fuzzy,Padrão A,1.18,1.21,1.24,17,16.4,13.8,15.8,12.53%,83.67%,2.41
2022-06-27 23:07:57,72,Fixa,0.0,Fuzzy,Padrão C,1.23,1.25,1.27,12,14.5,12.7,12.7,-0.00%,86.95%,727
2022-06-27 23:07:58,73,ToU,0.75,No_fuzzy,Padrão C,998,1.07,1.14,39,14.5,13.4,13.8,2.79%,71.16%,0.77
2022-06-27 23:07:59,74,Fixa,0.0,No_fuzzy,Padrão A,1.24,1.25,1.27,0.0084,16.4,14.3,14.3,0.00%,88.61%,2.12
2022-06-27 23:08:00,75,ToU,0.75,No_fuzzy,Padrão A,1.06,1.16,1.23,42,16.4,13.7,15.8,13.34%,82.80%,2.61
2022-06-27 23:08:01,76,ToU,0.5,No_fuzzy,Padrão C,1.05,1.12,1.16,28,14.5,13.2,13.8,4.29%,70.70%,701
2022-06-27 23:08:02,77,ToU,0.5,Fuzzy,Padrão C,1.08,1.13,1.18,27,14.5,13.2,13.8,4.31%,79.30%,712
2022-06-27 23:08:03,78,ToU,0.25,No_fuzzy,Padrão C,1.11,1.16,1.21,25,14.5,13.5,13.8,1.92%,73.77%,846
2022-06-27 23:08:04,79,Fixa,0.0,Fuzzy,Padrão C,1.22,1.24,1.27,13,14.5,12.7,12.7,-0.00%,85.04%,0.73
2022-06-27 23:08:05,80,ToU,0.0,Fuzzy,Padrão C,1.18,1.24,1.27,0.02,14.5,14.1,13.8,-2.53%,85.00%,769
2022-06-27 23:08:06,81,ToU,0.75,No_fuzzy,Padrão C,1.01,1.09,1.14,39,14.5,13.0,13.8,5.27%,73.41%,0.61
2022-06-27 23:08:07,82,ToU,0.5,No_fuzzy,Padrão B,1.04,1.13,1.17,0.04,14.5,13.2,13.8,4.43%,72.70%,0.92
2022-06-27 23:08:08,83,ToU,1.0,Fuzzy,Padrão C,934,1.03,1.11,43,14.5,13.4,13.8,2.97%,78.26%,0.73
2022-06-27 23:08:09,84,Fixa,0.0,No_fuzzy,Padrão C,1.15,1.23,1.26,24,14.5,12.7,12.7,-0.00%,80.09%,807
2022-06-27 23:08:10,85,Fixa,0.0,No_fuzzy,Padrão C,1.16,1.22,1.27,28,14.5,12.7,12.7,-0.00%,77.87%,902
2022-06-27 23:08:11,86,ToU,1.0,No_fuzzy,Padrão A,1.01,1.15,1.23,56,16.4,13.4,15.8,14.77%,81.92%,2.41
2022-06-27 23:08:12,87,Fixa,0.0,No_fuzzy,Padrão B,1.18,1.23,1.26,0.02,14.5,12.7,12.7,-0.00%,81.13%,857
2022-06-27 23:08:13,88,ToU,1.0,Fuzzy,Padrão B,903,1.05,1.11,52,14.5,13.1,13.8,4.73%,77.42%,626
2022-06-27 23:08:14,89,Fixa,0.0,Fuzzy,Padrão B,1.19,1.24,1.27,17,14.5,12.7,12.7,-0.00%,85.09%,772
2022-06-27 23:08:15,90,ToU,0.25,Fuzzy,Padrão B,1.12,1.18,1.22,23,14.5,13.6,13.8,1.24%,80.46%,799
2022-06-27 23:08:16,91,Fixa,0.0,Fuzzy,Padrão B,1.2,1.24,1.27,19,14.5,12.7,12.7,-0.00%,83.66%,884
2022-06-27 23:08:17,92,ToU,1.0,No_fuzzy,Padrão C,943,1.03,1.11,45,14.5,13.4,13.8,2.86%,67.93%,685
2022-06-27 23:08:18,93,ToU,0.25,Fuzzy,Padrão B,1.13,1.18,1.22,24,14.5,13.3,13.8,3.25%,80.19%,739
2022-06-27 23:08:19,94,Fixa,0.0,No_fuzzy,Padrão B,1.14,1.23,1.26,27,14.5,12.7,12.7,-0.00%,79.18%,834
2022-06-27 23:08:20,95,Fixa,0.0,No_fuzzy,Padrão B,1.17,1.23,1.26,0.02,14.5,12.7,12.7,-0.00%,80.87%,764
2022-06-27 23:08:21,96,ToU,0.75,Fuzzy,Padrão C,1.01,1.09,1.15,38,14.5,13.2,13.8,4.43%,77.97%,703
2022-06-27 23:08:22,97,ToU,0.5,Fuzzy,Padrão C,1.07,1.14,1.18,0.03,14.5,13.2,13.8,4.26%,81.15%,773
2022-06-27 23:08:23,98,Fixa,0.0,Fuzzy,Padrão C,1.19,1.24,1.26,18,14.5,12.7,12.7,-0.00%,84.74%,819
2022-06-27 23:08:24,99,Fixa,0.0,Fuzzy,Padrão C,1.18,1.24,1.27,21,14.5,12.7,12.7,-0.00%,83.82%,877
2022-06-27 23:08:25,100,Fixa,0.0,Fuzzy,Padrão A,1.23,1.26,1.28,0.0091,16.4,14.3,14.3,0.00%,89.74%,2.16
2022-06-29 00:06:22,1,Fixa,0.0,Fuzzy,Padrão A,1.24,1.26,1.27,0.0081,16.4,14.3,14.3,0.00%,89.55%,2.56
2022-06-29 00:06:23,2,Fixa,0.0,Fuzzy,Padrão B,1.2,1.24,1.27,17,14.5,12.7,12.7,-0.00%,84.76%,794
2022-06-29 00:06:24,3,Fixa,0.0,No_fuzzy,Padrão B,1.18,1.22,1.26,0.02,14.5,12.7,12.7,-0.00%,77.89%,931
2022-06-29 00:06:25,4,ToU,0.0,Fuzzy,Padrão A,1.24,1.26,1.27,0.0077,16.4,14.9,15.8,5.48%,90.10%,2.33
2022-06-29 00:06:26,5,ToU,0.0,No_fuzzy,Padrão B,1.18,1.23,1.26,0.02,14.5,14.2,13.8,-2.83%,79.93%,0.94
2022-06-29 00:06:27,6,ToU,0.25,No_fuzzy,Padrão C,1.1,1.17,1.21,27,14.5,13.3,13.8,3.63%,76.14%,737
2022-06-29 00:06:28,7,ToU,0.0,Fuzzy,Padrão B,1.18,1.23,1.26,26,14.5,14.2,13.8,-3.32%,82.16%,698
2022-06-29 00:06:29,8,Fixa,0.0,No_fuzzy,Padrão B,1.17,1.22,1.25,17,14.5,12.7,12.7,-0.00%,78.70%,853
2022-06-29 00:06:30,9,ToU,0.5,No_fuzzy,Padrão B,1.06,1.11,1.17,34,14.5,13.5,13.8,2.16%,70.72%,834
2022-06-29 00:06:31,10,ToU,0.5,No_fuzzy,Padrão B,1.05,1.13,1.17,31,14.5,13.1,13.8,5.04%,73.11%,818
2022-06-29 00:06:32,11,ToU,0.5,No_fuzzy,Padrão A,1.15,1.18,1.23,21,16.4,13.7,15.8,13.25%,82.83%,2.62
2022-06-29 00:06:33,12,ToU,0.25,Fuzzy,Padrão A,1.2,1.22,1.24,14,16.4,13.6,15.8,13.48%,87.76%,2.62
2022-06-29 00:06:34,13,Fixa,0.0,Fuzzy,Padrão C,1.18,1.24,1.26,21,14.5,12.7,12.7,-0.00%,83.79%,746
2022-06-29 00:06:35,14,ToU,0.25,No_fuzzy,Padrão C,1.1,1.17,1.21,28,14.5,13.3,13.8,3.63%,76.02%,788
2022-06-29 00:06:36,15,ToU,0.25,No_fuzzy,Padrão B,1.11,1.17,1.21,26,14.5,13.3,13.8,3.66%,74.87%,809
2022-06-29 00:06:37,16,ToU,0.5,Fuzzy,Padrão A,1.17,1.2,1.25,22,16.4,13.2,15.8,15.96%,86.95%,2.87
2022-06-29 00:06:38,17,Fixa,0.0,No_fuzzy,Padrão C,1.17,1.23,1.26,22,14.5,12.7,12.7,-0.00%,80.16%,876
2022-06-29 00:06:39,18,Fixa,0.0,Fuzzy,Padrão B,1.2,1.24,1.27,19,14.5,12.7,12.7,-0.00%,83.87%,821
2022-06-29 00:06:40,19,ToU,1.0,No_fuzzy,Padrão A,1.01,1.14,1.24,69,16.4,13.6,15.8,13.55%,81.66%,2.46
2022-06-29 00:06:41,20,ToU,1.0,Fuzzy,Padrão A,1.02,1.14,1.25,58,16.4,13.5,15.8,14.06%,86.78%,2.17
2022-06-29 00:06:42,21,Fixa,0.0,No_fuzzy,Padrão A,1.24,1.25,1.26,0.0072,16.4,14.3,14.3,0.00%,88.01%,2.32
2022-06-29 00:06:43,22,Fixa,0.0,Fuzzy,Padrão A,1.23,1.26,1.27,0.0097,16.4,14.3,14.3,0.00%,89.56%,2.16
2022-06-29 00:06:44,23,Fixa,0.0,No_fuzzy,Padrão A,1.22,1.25,1.26,0.0096,16.4,14.3,14.3,0.00%,87.05%,2.65
2022-06-29 00:06:45,24,ToU,0.75,No_fuzzy,Padrão C,991,1.08,1.14,36,14.5,13.3,13.8,3.44%,68.88%,782
2022-06-29 00:06:46,25,Fixa,0.0,Fuzzy,Padrão C,1.2,1.24,1.27,17,14.5,12.7,12.7,-0.00%,83.61%,801
2022-06-29 00:06:47,26,Fixa,0.0,No_fuzzy,Padrão C,1.19,1.22,1.26,0.02,14.5,12.7,12.7,-0.00%,77.74%,788
2022-06-29 00:06:48,27,ToU,1.0,No_fuzzy,Padrão B,959,1.04,1.11,45,14.5,13.2,13.8,4.39%,72.00%,651
2022-06-29 00:06:49,28,ToU,0.25,No_fuzzy,Padrão C,1.1,1.16,1.21,29,14.5,13.5,13.8,2.26%,73.95%,804
2022-06-29 00:06:50,29,ToU,0.25,Fuzzy,Padrão C,1.14,1.19,1.22,22,14.5,13.2,13.8,4.40%,82.10%,883
2022-06-29 00:06:51,30,ToU,0.25,No_fuzzy,Padrão A,1.18,1.21,1.24,16,16.4,13.6,15.8,13.92%,83.08%,2.47
2022-06-29 00:06:52,31,ToU,1.0,Fuzzy,Padrão A,1.03,1.13,1.25,55,16.4,13.7,15.8,13.06%,86.98%,2.2
2022-06-29 00:06:53,32,Fixa,0.0,No_fuzzy,Padrão B,1.17,1.22,1.26,18,14.5,12.7,12.7,-0.00%,78.60%,896
2022-06-29 00:06:54,33,ToU,0.0,Fuzzy,Padrão C,1.19,1.24,1.26,17,14.5,14.2,13.8,-2.85%,82.90%,768
2022-06-29 00:06:55,34,ToU,0.75,No_fuzzy,Padrão B,991,1.09,1.14,38,14.5,13.1,13.8,4.75%,71.75%,766
2022-06-29 00:06:56,35,Fixa,0.0,No_fuzzy,Padrão B,1.14,1.22,1.26,28,14.5,12.7,12.7,-0.00%,77.41%,865
2022-06-29 00:06:57,36,Fixa,0.0,Fuzzy,Padrão B,1.19,1.24,1.27,0.02,14.5,12.7,12.7,-0.00%,85.54%,845
2022-06-29 00:06:58,37,ToU,0.25,No_fuzzy,Padrão A,1.18,1.22,1.24,16,16.4,13.2,15.8,15.99%,84.22%,2.95
2022-06-29 00:06:59,38,ToU,1.0,Fuzzy,Padrão A,1.01,1.13,1.23,63,16.4,13.7,15.8,12.98%,85.81%,2.05
2022-06-29 00:07:00,39,ToU,1.0,No_fuzzy,Padrão B,896,1.04,1.11,65,14.5,13.3,13.8,3.54%,70.88%,0.75
2022-06-29 00:07:01,40,ToU,0.5,Fuzzy,Padrão A,1.12,1.2,1.26,32,16.4,13.5,15.8,14.33%,87.70%,2.48
2022-06-29 00:07:02,41,Fixa,0.0,Fuzzy,Padrão A,1.24,1.26,1.27,0.0081,16.4,14.3,14.3,0.00%,89.98%,2.51
2022-06-29 00:07:03,42,ToU,0.0,No_fuzzy,Padrão C,1.16,1.22,1.27,24,14.5,14.4,13.8,-4.27%,78.26%,783
2022-06-29 00:07:04,43,Fixa,0.0,No_fuzzy,Padrão A,1.23,1.25,1.26,0.0081,16.4,14.3,14.3,0.00%,86.48%,2.36
2022-06-29 00:07:05,44,Fixa,0.0,Fuzzy,Padrão A,1.24,1.26,1.27,0.0078,16.4,14.3,14.3,0.00%,89.66%,2.26
2022-06-29 00:07:06,45,ToU,0.0,Fuzzy,Padrão A,1.24,1.26,1.27,0.0061,16.4,15.1,15.8,4.36%,90.11%,2.27
2022-06-29 00:07:07,46,Fixa,0.0,Fuzzy,Padrão C,1.19,1.24,1.27,19,14.5,12.7,12.7,-0.00%,85.53%,799
2022-06-29 00:07:08,47,ToU,0.0,No_fuzzy,Padrão C,1.16,1.22,1.26,29,14.5,14.3,13.8,-4.02%,76.70%,772
2022-06-29 00:07:09,48,Fixa,0.0,No_fuzzy,Padrão A,1.23,1.25,1.26,11,16.4,14.3,14.3,0.00%,85.81%,2.37
2022-06-29 00:07:10,49,ToU,0.0,Fuzzy,Padrão B,1.21,1.24,1.27,17,14.5,14.3,13.8,-3.50%,84.40%,639
2022-06-29 00:07:11,50,Fixa,0.0,No_fuzzy,Padrão C,1.19,1.22,1.26,21,14.5,12.7,12.7,-0.00%,78.36%,906
2022-06-29 00:07:12,51,ToU,0.25,No_fuzzy,Padrão C,1.13,1.17,1.2,0.02,14.5,13.4,13.8,2.55%,77.84%,744
2022-06-29 00:07:13,52,Fixa,0.0,Fuzzy,Padrão B,1.2,1.24,1.26,16,14.5,12.7,12.7,-0.00%,84.26%,806
2022-06-29 00:07:14,53,Fixa,0.0,No_fuzzy,Padrão A,1.22,1.25,1.26,12,16.4,14.3,14.3,0.00%,86.63%,2.38
2022-06-29 00:07:15,54,Fixa,0.0,No_fuzzy,Padrão B,1.15,1.22,1.26,32,14.5,12.7,12.7,-0.00%,76.73%,827
2022-06-29 00:07:16,55,Fixa,0.0,No_fuzzy,Padrão A,1.23,1.25,1.26,0.0088,16.4,14.3,14.3,0.00%,87.42%,2.49
2022-06-29 00:07:17,56,Fixa,0.0,No_fuzzy,Padrão C,1.18,1.23,1.26,19,14.5,12.7,12.7,-0.00%,80.68%,1.05
2022-06-29 00:07:18,57,Fixa,0.0,Fuzzy,Padrão C,1.2,1.24,1.27,17,14.5,12.7,12.7,-0.00%,82.89%,748
2022-06-29 00:07:19,58,ToU,0.25,No_fuzzy,Padrão A,1.18,1.21,1.23,15,16.4,13.6,15.8,13.57%,83.58%,2.58
2022-06-29 00:07:20,59,ToU,0.25,No_fuzzy,Padrão A,1.18,1.21,1.23,15,16.4,13.8,15.8,12.67%,82.44%,2.63
2022-06-29 00:07:21,60,ToU,0.25,Fuzzy,Padrão C,1.12,1.18,1.21,26,14.5,13.5,13.8,1.99%,79.38%,0.73
2022-06-29 00:07:22,61,Fixa,0.0,Fuzzy,Padrão A,1.24,1.26,1.27,0.0077,16.4,14.3,14.3,0.00%,89.52%,2.3
2022-06-29 00:07:23,62,ToU,1.0,Fuzzy,Padrão B,0.91,1.03,1.11,0.05,14.5,13.4,13.8,2.54%,80.08%,0.68
2022-06-29 00:07:24,63,Fixa,0.0,Fuzzy,Padrão B,1.19,1.24,1.27,19,14.5,12.7,12.7,-0.00%,83.04%,787
2022-06-29 00:07:25,64,ToU,0.75,No_fuzzy,Padrão A,1.09,1.16,1.25,0.04,16.4,13.5,15.8,14.31%,80.42%,2.49
2022-06-29 00:07:26,65,ToU,0.0,No_fuzzy,Padrão A,1.22,1.25,1.27,11,16.4,15.1,15.8,4.43%,87.21%,2.33
2022-06-29 00:07:27,66,Fixa,0.0,Fuzzy,Padrão C,1.21,1.24,1.27,14,14.5,12.7,12.7,-0.00%,85.52%,807
2022-06-29 00:07:28,67,Fixa,0.0,No_fuzzy,Padrão A,1.23,1.25,1.26,0.0092,16.4,14.3,14.3,0.00%,86.58%,2.28
2022-06-29 00:07:29,68,Fixa,0.0,Fuzzy,Padrão C,1.2,1.24,1.27,18,14.5,12.7,12.7,-0.00%,84.56%,734
2022-06-29 00:07:30,69,ToU,0.5,Fuzzy,Padrão B,1.09,1.14,1.18,23,14.5,13.0,13.8,5.78%,80.40%,0.66
2022-06-29 00:07:31,70,ToU,0.25,No_fuzzy,Padrão C,1.12,1.17,1.2,22,14.5,13.4,13.8,2.99%,74.86%,713
2022-06-29 00:07:32,71,ToU,0.75,No_fuzzy,Padrão A,1.09,1.16,1.23,37,16.4,13.5,15.8,14.05%,82.55%,2.56
2022-06-29 00:07:33,72,ToU,0.0,No_fuzzy,Padrão A,1.22,1.25,1.26,12,16.4,14.8,15.8,5.87%,86.03%,2.46
2022-06-29 00:07:34,73,ToU,0.5,Fuzzy,Padrão C,1.08,1.13,1.18,0.03,14.5,13.3,13.8,3.38%,79.64%,752
2022-06-29 00:07:35,74,Fixa,0.0,No_fuzzy,Padrão A,1.23,1.25,1.27,0.0088,16.4,14.3,14.3,0.00%,86.67%,2.54
2022-06-29 00:07:36,75,ToU,0.75,Fuzzy,Padrão A,1.06,1.17,1.24,39,16.4,13.4,15.8,14.67%,87.33%,2.72
2022-06-29 00:07:37,76,Fixa,0.0,No_fuzzy,Padrão A,1.22,1.25,1.26,0.01,16.4,14.3,14.3,0.00%,86.63%,2.47
2022-06-29 00:07:38,77,ToU,0.0,No_fuzzy,Padrão C,1.19,1.23,1.26,21,14.5,14.1,13.8,-2.37%,79.18%,979
2022-06-29 00:07:39,78,Fixa,0.0,Fuzzy,Padrão A,1.24,1.26,1.27,0.0072,16.4,14.3,14.3,0.00%,90.74%,2.31
2022-06-29 00:07:40,79,Fixa,0.0,No_fuzzy,Padrão C,1.15,1.23,1.27,26,14.5,12.7,12.7,-0.00%,79.62%,946
2022-06-29 00:07:41,80,Fixa,0.0,No_fuzzy,Padrão A,1.22,1.25,1.27,11,16.4,14.3,14.3,0.00%,87.02%,2.6
2022-06-29 00:07:42,81,ToU,0.25,Fuzzy,Padrão B,1.11,1.19,1.22,25,14.5,13.3,13.8,3.63%,82.16%,719
2022-06-29 00:07:43,82,Fixa,0.0,Fuzzy,Padrão B,1.19,1.24,1.26,17,14.5,12.7,12.7,-0.00%,83.79%,852
2022-06-29 00:07:44,83,ToU,0.5,Fuzzy,Padrão B,1.09,1.14,1.18,0.03,14.5,13.0,13.8,5.42%,81.70%,771
2022-06-29 00:07:45,84,Fixa,0.0,Fuzzy,Padrão A,1.23,1.26,1.27,0.0093,16.4,14.3,14.3,0.00%,89.61%,2.23
2022-06-29 00:07:46,85,Fixa,0.0,Fuzzy,Padrão B,1.2,1.24,1.27,17,14.5,12.7,12.7,-0.00%,84.77%,777
2022-06-29 00:07:47,86,Fixa,0.0,No_fuzzy,Padrão A,1.22,1.25,1.26,0.01,16.4,14.3,14.3,0.00%,85.97%,2.43
2022-06-29 00:07:48,87,Fixa,0.0,Fuzzy,Padrão B,1.21,1.25,1.27,15,14.5,12.7,12.7,-0.00%,86.12%,789
2022-06-29 00:07:49,88,ToU,0.0,No_fuzzy,Padrão A,1.23,1.25,1.27,0.01,16.4,15.1,15.8,4.37%,86.62%,2.39
2022-06-29 00:07:50,89,ToU,1.0,No_fuzzy,Padrão A,994,1.14,1.27,68,16.4,13.6,15.8,13.94%,82.61%,2.47
2022-06-29 00:07:51,90,Fixa,0.0,Fuzzy,Padrão B,1.2,1.24,1.27,19,14.5,12.7,12.7,-0.00%,84.20%,798
2022-06-29 00:07:52,91,Fixa,0.0,Fuzzy,Padrão C,1.19,1.24,1.27,18,14.5,12.7,12.7,-0.00%,84.90%,0.9
2022-06-29 00:07:53,92,Fixa,0.0,Fuzzy,Padrão A,1.23,1.26,1.27,9,16.4,14.3,14.3,0.00%,89.45%,2.33
2022-06-29 00:07:54,93,ToU,0.5,No_fuzzy,Padrão C,1.05,1.12,1.17,32,14.5,13.2,13.8,4.48%,71.44%,753
2022-06-29 00:07:55,94,Fixa,0.0,Fuzzy,Padrão B,1.2,1.25,1.27,14,14.5,12.7,12.7,-0.00%,86.01%,835
2022-06-29 00:07:56,95,ToU,0.25,Fuzzy,Padrão C,1.14,1.19,1.22,22,14.5,13.2,13.8,4.39%,83.29%,774
2022-06-29 00:07:57,96,Fixa,0.0,No_fuzzy,Padrão C,1.17,1.22,1.26,24,14.5,12.7,12.7,-0.00%,77.90%,797
2022-06-29 00:07:58,97,Fixa,0.0,No_fuzzy,Padrão C,1.14,1.22,1.25,26,14.5,12.7,12.7,-0.00%,75.91%,0.93
2022-06-29 00:07:59,98,Fixa,0.0,No_fuzzy,Padrão B,1.14,1.22,1.25,26,14.5,12.7,12.7,-0.00%,77.29%,861
2022-06-29 00:08:00,99,Fixa,0.0,No_fuzzy,Padrão B,1.17,1.22,1.27,26,14.5,12.7,12.7,-0.00%,76.62%,788
2022-06-29 00:08:01,100,ToU,0.5,No_fuzzy,Padrão A,1.12,1.2,1.24,34,16.4,13.2,15.8,16.38%,82.62%,2.49
2022-06-30 02:06:12,1,Fixa,0.0,Fuzzy,Padrão B,1.21,1.24,1.27,17,14.5,12.7,12.7,-0.00%,84.79%,786
2022-06-30 02:06:13,2,ToU,0.75,No_fuzzy,Padrão A,1.05,1.16,1.22,43,16.4,13.7,15.8,13.31%,82.58%,2.48
2022-06-30 02:06:14,3,Fixa,0.0,Fuzzy,Padrão C,1.21,1.24,1.27,17,14.5,12.7,12.7,-0.00%,84.61%,964
2022-06-30 02:06:15,4,ToU,0.5,Fuzzy,Padrão C,1.08,1.13,1.18,26,14.5,13.5,13.8,2.30%,81.42%,836
2022-06-30 02:06:16,5,ToU,0.25,Fuzzy,Padrão A,1.18,1.22,1.25,17,16.4,13.5,15.8,14.06%,87.27%,2.29
2022-06-30 02:06:17,6,Fixa,0.0,No_fuzzy,Padrão B,1.16,1.22,1.26,26,14.5,12.7,12.7,-0.00%,76.03%,949
2022-06-30 02:06:18,7,ToU,0.25,Fuzzy,Padrão B,1.13,1.18,1.22,22,14.5,13.3,13.8,3.20%,81.84%,745
2022-06-30 02:06:19,8,Fixa,0.0,No_fuzzy,Padrão B,1.16,1.22,1.26,22,14.5,12.7,12.7,-0.00%,77.28%,826
2022-06-30 02:06:20,9,ToU,0.0,No_fuzzy,Padrão A,1.23,1.25,1.27,11,16.4,14.9,15.8,5.49%,86.33%,2.31
2022-06-30 02:06:21,10,ToU,0.0,No_fuzzy,Padrão C,1.17,1.23,1.27,25,14.5,14.0,13.8,-1.63%,80.45%,835
2022-06-30 02:06:22,11,ToU,0.25,Fuzzy,Padrão C,1.13,1.18,1.22,27,14.5,13.3,13.8,3.15%,81.23%,673
2022-06-30 02:06:23,12,Fixa,0.0,No_fuzzy,Padrão B,1.17,1.23,1.27,23,14.5,12.7,12.7,-0.00%,78.83%,1.03
2022-06-30 02:06:24,13,ToU,0.5,Fuzzy,Padrão B,1.1,1.14,1.18,25,14.5,13.0,13.8,5.80%,80.64%,761
2022-06-30 02:06:25,14,Fixa,0.0,No_fuzzy,Padrão A,1.21,1.25,1.27,13,16.4,14.3,14.3,0.00%,86.91%,2.45
2022-06-30 02:06:26,15,Fixa,0.0,No_fuzzy,Padrão B,1.16,1.22,1.26,27,14.5,12.7,12.7,-0.00%,77.09%,861
2022-06-30 02:06:27,16,ToU,0.25,No_fuzzy,Padrão B,1.14,1.17,1.2,0.02,14.5,13.3,13.8,3.27%,76.51%,718
2022-06-30 02:06:28,17,ToU,0.75,No_fuzzy,Padrão C,1.01,1.09,1.14,37,14.5,13.1,13.8,4.62%,71.83%,817
2022-06-30 02:06:29,18,Fixa,0.0,No_fuzzy,Padrão B,1.16,1.23,1.26,29,14.5,12.7,12.7,-0.00%,80.17%,827
2022-06-30 02:06:30,19,ToU,1.0,No_fuzzy,Padrão C,938,1.04,1.11,52,14.5,13.2,13.8,4.36%,70.38%,569
2022-06-30 02:06:31,20,ToU,0.25,Fuzzy,Padrão C,1.14,1.18,1.21,21,14.5,13.3,13.8,3.53%,81.09%,764
2022-06-30 02:06:32,21,ToU,0.0,Fuzzy,Padrão C,1.2,1.24,1.27,17,14.5,14.1,13.8,-2.37%,83.08%,859
2022-06-30 02:06:33,22,ToU,1.0,Fuzzy,Padrão A,1.03,1.15,1.27,61,16.4,13.5,15.8,14.63%,87.14%,2.21
2022-06-30 02:06:34,23,Fixa,0.0,Fuzzy,Padrão B,1.19,1.24,1.26,0.02,14.5,12.7,12.7,-0.00%,84.68%,819
2022-06-30 02:06:35,24,Fixa,0.0,No_fuzzy,Padrão A,1.22,1.25,1.27,11,16.4,14.3,14.3,0.00%,86.10%,2.24
2022-06-30 02:06:36,25,ToU,0.75,No_fuzzy,Padrão A,1.02,1.18,1.25,56,16.4,13.3,15.8,15.77%,82.68%,2.57
2022-06-30 02:06:37,26,Fixa,0.0,No_fuzzy,Padrão A,1.22,1.25,1.26,11,16.4,14.3,14.3,0.00%,86.79%,2.25
2022-06-30 02:06:38,27,Fixa,0.0,Fuzzy,Padrão A,1.24,1.26,1.27,0.0081,16.4,14.3,14.3,0.00%,90.31%,2.3
2022-06-30 02:06:39,28,ToU,1.0,Fuzzy,Padrão B,925,1.05,1.11,45,14.5,13.1,13.8,4.52%,78.39%,678
2022-06-30 02:06:40,29,ToU,0.5,Fuzzy,Padrão C,1.08,1.13,1.18,0.03,14.5,13.3,13.8,3.34%,81.15%,0.66
2022-06-30 02:06:41,30,ToU,1.0,No_fuzzy,Padrão B,916,1.03,1.11,54,14.5,13.3,13.8,3.32%,67.49%,644
2022-06-30 02:06:42,31,Fixa,0.0,Fuzzy,Padrão A,1.24,1.26,1.27,0.0077,16.4,14.3,14.3,0.00%,90.29%,1.98
2022-06-30 02:06:43,32,Fixa,0.0,Fuzzy,Padrão B,1.19,1.24,1.27,21,14.5,12.7,12.7,-0.00%,83.45%,806
2022-06-30 02:06:44,33,Fixa,0.0,No_fuzzy,Padrão C,1.16,1.22,1.26,25,14.5,12.7,12.7,-0.00%,76.52%,886
2022-06-30 02:06:45,34,Fixa,0.0,No_fuzzy,Padrão A,1.22,1.25,1.26,0.0092,16.4,14.3,14.3,0.00%,87.02%,2.43
2022-06-30 02:06:46,35,Fixa,0.0,Fuzzy,Padrão B,1.2,1.24,1.26,18,14.5,12.7,12.7,-0.00%,83.53%,837
2022-06-30 02:06:47,36,ToU,0.5,No_fuzzy,Padrão C,1.06,1.13,1.17,33,14.5,13.2,13.8,4.50%,74.41%,879
2022-06-30 02:06:48,37,ToU,0.25,Fuzzy,Padrão C,1.14,1.19,1.22,26,14.5,13.2,13.8,3.94%,82.14%,727
2022-06-30 02:06:49,38,Fixa,0.0,Fuzzy,Padrão B,1.2,1.24,1.27,18,14.5,12.7,12.7,-0.00%,84.74%,801
2022-06-30 02:06:50,39,Fixa,0.0,Fuzzy,Padrão C,1.22,1.25,1.28,14,14.5,12.7,12.7,-0.00%,87.03%,787
2022-06-30 02:06:51,40,ToU,0.0,Fuzzy,Padrão A,1.24,1.26,1.27,0.0067,16.4,15.2,15.8,3.78%,89.58%,2.07
2022-06-30 02:06:52,41,ToU,0.75,No_fuzzy,Padrão C,996,1.08,1.14,41,14.5,13.2,13.8,3.91%,70.86%,889
2022-06-30 02:06:53,42,ToU,0.75,No_fuzzy,Padrão A,1.06,1.17,1.26,46,16.4,13.4,15.8,15.12%,81.46%,2.45
2022-06-30 02:06:54,43,Fixa,0.0,Fuzzy,Padrão A,1.23,1.26,1.27,0.0082,16.4,14.3,14.3,0.00%,89.32%,1.92
2022-06-30 02:06:55,44,Fixa,0.0,Fuzzy,Padrão C,1.21,1.25,1.26,14,14.5,12.7,12.7,-0.00%,86.42%,791
2022-06-30 02:06:56,45,Fixa,0.0,Fuzzy,Padrão B,1.18,1.24,1.27,19,14.5,12.7,12.7,-0.00%,83.50%,826
2022-06-30 02:06:57,46,Fixa,0.0,No_fuzzy,Padrão C,1.17,1.23,1.27,25,14.5,12.7,12.7,-0.00%,79.14%,988
2022-06-30 02:06:58,47,Fixa,0.0,No_fuzzy,Padrão B,1.16,1.22,1.25,21,14.5,12.7,12.7,-0.00%,77.23%,996
2022-06-30 02:06:59,48,ToU,0.5,Fuzzy,Padrão A,1.12,1.19,1.24,0.03,16.4,13.6,15.8,13.74%,86.87%,2.76
2022-06-30 02:07:00,49,Fixa,0.0,Fuzzy,Padrão C,1.19,1.24,1.26,18,14.5,12.7,12.7,-0.00%,83.43%,734
2022-06-30 02:07:01,50,Fixa,0.0,No_fuzzy,Padrão A,1.23,1.25,1.27,0.0092,16.4,14.3,14.3,0.00%,87.37%,2.51
2022-06-30 02:07:02,51,ToU,0.75,No_fuzzy,Padrão A,1.07,1.17,1.23,42,16.4,13.5,15.8,14.45%,81.84%,2.71
2022-06-30 02:07:03,52,ToU,0.25,No_fuzzy,Padrão A,1.18,1.21,1.24,16,16.4,13.6,15.8,13.84%,83.71%,2.49
2022-06-30 02:07:04,53,Fixa,0.0,No_fuzzy,Padrão B,1.14,1.22,1.26,25,14.5,12.7,12.7,-0.00%,77.34%,974
2022-06-30 02:07:05,54,Fixa,0.0,No_fuzzy,Padrão A,1.22,1.25,1.26,0.01,16.4,14.3,14.3,0.00%,85.90%,2.69
2022-06-30 02:07:06,55,ToU,0.25,Fuzzy,Padrão A,1.19,1.22,1.25,18,16.4,13.6,15.8,13.43%,86.94%,2.55
2022-06-30 02:07:07,56,ToU,0.5,No_fuzzy,Padrão C,1.04,1.12,1.17,31,14.5,13.4,13.8,2.90%,73.14%,836
2022-06-30 02:07:08,57,Fixa,0.0,No_fuzzy,Padrão C,1.16,1.23,1.26,24,14.5,12.7,12.7,-0.00%,78.80%,1.05
2022-06-30 02:07:09,58,Fixa,0.0,No_fuzzy,Padrão C,1.17,1.22,1.25,0.02,14.5,12.7,12.7,-0.00%,77.97%,876
2022-06-30 02:07:10,59,Fixa,0.0,Fuzzy,Padrão B,1.18,1.24,1.27,19,14.5,12.7,12.7,-0.00%,83.87%,874
2022-06-30 02:07:11,60,ToU,1.0,No_fuzzy,Padrão C,943,1.04,1.11,47,14.5,13.2,13.8,4.01%,71.06%,703
2022-06-30 02:07:12,61,Fixa,0.0,No_fuzzy,Padrão C,1.15,1.22,1.26,26,14.5,12.7,12.7,-0.00%,76.25%,803
2022-06-30 02:07:13,62,Fixa,0.0,Fuzzy,Padrão C,1.19,1.24,1.26,0.02,14.5,12.7,12.7,-0.00%,82.75%,848
2022-06-30 02:07:14,63,Fixa,0.0,Fuzzy,Padrão A,1.24,1.26,1.27,0.0092,16.4,14.3,14.3,0.00%,90.01%,2.01
2022-06-30 02:07:15,64,Fixa,0.0,No_fuzzy,Padrão A,1.22,1.25,1.26,11,16.4,14.3,14.3,0.00%,86.95%,2.55
2022-06-30 02:07:16,65,Fixa,0.0,Fuzzy,Padrão B,1.19,1.24,1.27,21,14.5,12.7,12.7,-0.00%,84.70%,843
2022-06-30 02:07:17,66,ToU,1.0,Fuzzy,Padrão C,928,1.04,1.11,49,14.5,13.3,13.8,3.71%,78.76%,622
2022-06-30 02:07:18,67,Fixa,0.0,Fuzzy,Padrão C,1.21,1.24,1.26,15,14.5,12.7,12.7,-0.00%,84.79%,854
2022-06-30 02:07:19,68,ToU,0.5,No_fuzzy,Padrão A,1.09,1.19,1.23,36,16.4,13.6,15.8,13.92%,82.12%,2.79
2022-06-30 02:07:20,69,Fixa,0.0,Fuzzy,Padrão A,1.24,1.26,1.27,0.0083,16.4,14.3,14.3,0.00%,89.87%,2.25
2022-06-30 02:07:21,70,Fixa,0.0,Fuzzy,Padrão A,1.24,1.25,1.27,0.0088,16.4,14.3,14.3,0.00%,89.04%,2.34
2022-06-30 02:07:22,71,ToU,1.0,No_fuzzy,Padrão A,1.0,1.14,1.24,61,16.4,13.5,15.8,14.16%,81.73%,2.35
2022-06-30 02:07:23,72,ToU,0.0,No_fuzzy,Padrão C,1.16,1.22,1.27,27,14.5,14.3,13.8,-3.73%,78.03%,885
2022-06-30 02:07:24,73,Fixa,0.0,No_fuzzy,Padrão A,1.23,1.25,1.26,0.0096,16.4,14.3,14.3,0.00%,86.90%,2.4
2022-06-30 02:07:25,74,Fixa,0.0,No_fuzzy,Padrão A,1.22,1.25,1.26,11,16.4,14.3,14.3,0.00%,86.08%,2.48
2022-06-30 02:07:26,75,Fixa,0.0,Fuzzy,Padrão C,1.2,1.24,1.28,18,14.5,12.7,12.7,-0.00%,83.76%,0.83
2022-06-30 02:07:27,76,ToU,1.0,Fuzzy,Padrão C,949,1.04,1.11,47,14.5,13.2,13.8,4.30%,77.51%,787
2022-06-30 02:07:28,77,Fixa,0.0,Fuzzy,Padrão A,1.25,1.26,1.27,0.0064,16.4,14.3,14.3,0.00%,90.51%,2.41
2022-06-30 02:07:29,78,ToU,0.0,Fuzzy,Padrão C,1.19,1.24,1.26,18,14.5,14.2,13.8,-3.08%,83.54%,818
2022-06-30 02:07:30,79,Fixa,0.0,No_fuzzy,Padrão C,1.17,1.23,1.26,0.02,14.5,12.7,12.7,-0.00%,80.85%,0.81
2022-06-30 02:07:31,80,Fixa,0.0,No_fuzzy,Padrão C,1.15,1.21,1.26,27,14.5,12.7,12.7,-0.00%,74.77%,787
2022-06-30 02:07:32,81,ToU,1.0,Fuzzy,Padrão B,934,1.05,1.11,52,14.5,13.1,13.8,5.16%,80.02%,593
2022-06-30 02:07:33,82,Fixa,0.0,Fuzzy,Padrão A,1.24,1.26,1.27,0.0083,16.4,14.3,14.3,0.00%,90.12%,2.04
2022-06-30 02:07:34,83,Fixa,0.0,No_fuzzy,Padrão C,1.15,1.22,1.25,26,14.5,12.7,12.7,-0.00%,76.64%,885
2022-06-30 02:07:35,84,ToU,0.75,No_fuzzy,Padrão A,1.1,1.18,1.25,0.04,16.4,13.3,15.8,15.51%,82.22%,2.56
2022-06-30 02:07:36,85,ToU,0.75,No_fuzzy,Padrão B,1.0,1.07,1.14,39,14.5,13.4,13.8,2.95%,71.35%,0.62
2022-06-30 02:07:37,86,ToU,0.75,Fuzzy,Padrão C,962,1.08,1.14,42,14.5,13.4,13.8,3.04%,80.97%,778
2022-06-30 02:07:38,87,Fixa,0.0,Fuzzy,Padrão A,1.24,1.26,1.27,9,16.4,14.3,14.3,0.00%,90.28%,2.13
2022-06-30 02:07:39,88,ToU,0.25,Fuzzy,Padrão A,1.17,1.22,1.25,17,16.4,13.8,15.8,12.67%,85.84%,2.17
2022-06-30 02:07:40,89,ToU,0.5,Fuzzy,Padrão A,1.12,1.19,1.25,32,16.4,13.6,15.8,13.93%,85.88%,2.2
2022-06-30 02:07:41,90,ToU,0.75,Fuzzy,Padrão B,985,1.08,1.14,43,14.5,13.3,13.8,3.37%,80.92%,0.8
2022-06-30 02:07:42,91,Fixa,0.0,No_fuzzy,Padrão C,1.14,1.22,1.25,25,14.5,12.7,12.7,-0.00%,76.28%,819
2022-06-30 02:07:43,92,ToU,0.75,Fuzzy,Padrão B,984,1.09,1.15,47,14.5,13.2,13.8,3.87%,80.28%,761
2022-06-30 02:07:44,93,ToU,1.0,Fuzzy,Padrão A,1.05,1.16,1.24,51,16.4,13.2,15.8,15.93%,86.24%,2.28
2022-06-30 02:07:45,94,Fixa,0.0,No_fuzzy,Padrão A,1.22,1.25,1.26,0.0099,16.4,14.3,14.3,0.00%,86.58%,2.36
2022-06-30 02:07:46,95,ToU,1.0,Fuzzy,Padrão A,1.0,1.13,1.24,61,16.4,13.7,15.8,12.95%,86.61%,2.32
2022-06-30 02:07:47,96,ToU,0.5,No_fuzzy,Padrão B,1.04,1.11,1.17,38,14.5,13.5,13.8,2.33%,71.02%,834
2022-06-30 02:07:48,97,Fixa,0.0,No_fuzzy,Padrão B,1.15,1.22,1.25,23,14.5,12.7,12.7,-0.00%,75.99%,825
2022-06-30 02:07:49,98,ToU,0.0,Fuzzy,Padrão C,1.19,1.24,1.27,19,14.5,14.1,13.8,-2.35%,83.69%,0.87
2022-06-30 02:07:50,99,ToU,0.75,Fuzzy,Padrão A,1.09,1.17,1.25,46,16.4,13.5,15.8,14.13%,87.67%,2.56
2022-06-30 02:07:51,100,Fixa,0.0,Fuzzy,Padrão B,1.21,1.25,1.27,14,14.5,12.7,12.7,-0.00%,86.56%,814
2022-07-01 03:07:33,1,Fixa,0.0,Fuzzy,Padrão B,1.18,1.24,1.27,18,14.5,12.7,12.7,-0.00%,83.53%,866
2022-07-01 03:07:34,2,ToU,0.5,No_fuzzy,Padrão C,1.06,1.14,1.17,25,14.5,13.0,13.8,5.72%,74.99%,858
2022-07-01 03:07:35,3,Fixa,0.0,No_fuzzy,Padrão B,1.17,1.22,1.26,24,14.5,12.7,12.7,-0.00%,78.23%,795
2022-07-01 03:07:36,4,Fixa,0.0,No_fuzzy,Padrão C,1.16,1.22,1.26,29,14.5,12.7,12.7,-0.00%,75.87%,853
2022-07-01 03:07:37,5,ToU,0.25,No_fuzzy,Padrão A,1.16,1.22,1.24,19,16.4,13.5,15.8,14.16%,83.97%,2.62
2022-07-01 03:07:38,6,ToU,0.5,No_fuzzy,Padrão A,1.13,1.19,1.24,31,16.4,13.4,15.8,14.81%,81.32%,2.34
2022-07-01 03:07:39,7,ToU,1.0,Fuzzy,Padrão B,925,1.06,1.11,46,14.5,12.9,13.8,6.37%,80.95%,827
2022-07-01 03:07:40,8,Fixa,0.0,Fuzzy,Padrão B,1.21,1.25,1.27,17,14.5,12.7,12.7,-0.00%,86.77%,846
2022-07-01 03:07:41,9,Fixa,0.0,Fuzzy,Padrão B,1.21,1.24,1.26,13,14.5,12.7,12.7,-0.00%,85.17%,791
2022-07-01 03:07:42,10,Fixa,0.0,Fuzzy,Padrão B,1.21,1.24,1.27,15,14.5,12.7,12.7,-0.00%,83.83%,749
2022-07-01 03:07:43,11,Fixa,0.0,Fuzzy,Padrão C,1.18,1.24,1.27,22,14.5,12.7,12.7,-0.00%,83.68%,773
2022-07-01 03:07:44,12,Fixa,0.0,Fuzzy,Padrão B,1.2,1.24,1.26,18,14.5,12.7,12.7,-0.00%,84.55%,807
2022-07-01 03:07:45,13,Fixa,0.0,No_fuzzy,Padrão B,1.16,1.22,1.26,24,14.5,12.7,12.7,-0.00%,78.62%,887
2022-07-01 03:07:46,14,Fixa,0.0,Fuzzy,Padrão B,1.23,1.25,1.27,13,14.5,12.7,12.7,-0.00%,87.45%,764
2022-07-01 03:07:47,15,Fixa,0.0,No_fuzzy,Padrão A,1.22,1.25,1.27,11,16.4,14.3,14.3,0.00%,86.66%,2.38
2022-07-01 03:07:48,16,Fixa,0.0,Fuzzy,Padrão A,1.25,1.26,1.27,0.0068,16.4,14.3,14.3,0.00%,90.63%,2.29
2022-07-01 03:07:49,17,Fixa,0.0,No_fuzzy,Padrão B,1.17,1.22,1.25,19,14.5,12.7,12.7,-0.00%,77.57%,0.86
2022-07-01 03:07:50,18,ToU,1.0,No_fuzzy,Padrão B,929,1.03,1.11,52,14.5,13.3,13.8,3.24%,70.11%,613
2022-07-01 03:07:51,19,Fixa,0.0,Fuzzy,Padrão A,1.23,1.26,1.27,11,16.4,14.3,14.3,0.00%,89.54%,2.52
2022-07-01 03:07:52,20,Fixa,0.0,No_fuzzy,Padrão C,1.17,1.22,1.25,23,14.5,12.7,12.7,-0.00%,76.34%,823
2022-07-01 03:07:53,21,ToU,0.0,Fuzzy,Padrão C,1.2,1.24,1.27,16,14.5,14.1,13.8,-2.65%,84.77%,781
2022-07-01 03:07:54,22,Fixa,0.0,Fuzzy,Padrão A,1.24,1.26,1.27,0.0075,16.4,14.3,14.3,0.00%,89.59%,2.11
2022-07-01 03:07:55,23,ToU,0.75,No_fuzzy,Padrão A,1.05,1.16,1.24,45,16.4,13.6,15.8,13.72%,83.00%,2.67
2022-07-01 03:07:56,24,Fixa,0.0,No_fuzzy,Padrão C,1.18,1.23,1.26,19,14.5,12.7,12.7,-0.00%,79.33%,0.79
2022-07-01 03:07:57,25,Fixa,0.0,No_fuzzy,Padrão C,1.17,1.22,1.26,23,14.5,12.7,12.7,-0.00%,78.02%,779
2022-07-01 03:07:58,26,ToU,1.0,Fuzzy,Padrão C,0.96,1.04,1.11,47,14.5,13.3,13.8,3.59%,80.08%,739
2022-07-01 03:07:59,27,Fixa,0.0,Fuzzy,Padrão A,1.24,1.26,1.27,0.0088,16.4,14.3,14.3,0.00%,89.75%,2.27
2022-07-01 03:08:00,28,Fixa,0.0,No_fuzzy,Padrão C,1.17,1.22,1.26,22,14.5,12.7,12.7,-0.00%,78.37%,853
2022-07-01 03:08:01,29,ToU,0.0,No_fuzzy,Padrão B,1.14,1.22,1.26,28,14.5,14.2,13.8,-3.32%,77.64%,993
2022-07-01 03:08:02,30,ToU,0.25,Fuzzy,Padrão C,1.15,1.18,1.22,18,14.5,13.4,13.8,2.95%,82.41%,652
2022-07-01 03:08:03,31,Fixa,0.0,Fuzzy,Padrão B,1.21,1.25,1.27,14,14.5,12.7,12.7,-0.00%,85.92%,736
2022-07-01 03:08:04,32,ToU,0.5,Fuzzy,Padrão A,1.13,1.2,1.25,28,16.4,13.5,15.8,14.49%,86.68%,2.39
2022-07-01 03:08:05,33,ToU,1.0,Fuzzy,Padrão C,963,1.04,1.11,48,14.5,13.2,13.8,4.45%,80.35%,673
2022-07-01 03:08:06,34,Fixa,0.0,Fuzzy,Padrão A,1.24,1.26,1.27,0.0072,16.4,14.3,14.3,0.00%,90.36%,2.28
2022-07-01 03:08:07,35,ToU,0.0,Fuzzy,Padrão B,1.2,1.24,1.27,15,14.5,14.0,13.8,-1.45%,84.16%,711
2022-07-01 03:08:08,36,ToU,1.0,Fuzzy,Padrão A,985,1.14,1.25,63,16.4,13.5,15.8,14.40%,85.86%,2.36
2022-07-01 03:08:09,37,Fixa,0.0,No_fuzzy,Padrão C,1.15,1.23,1.27,22,14.5,12.7,12.7,-0.00%,81.69%,834
2022-07-01 03:08:10,38,ToU,1.0,No_fuzzy,Padrão A,1.01,1.14,1.25,66,16.4,13.6,15.8,13.60%,82.92%,2.63
2022-07-01 03:08:11,39,Fixa,0.0,Fuzzy,Padrão C,1.18,1.24,1.27,19,14.5,12.7,12.7,-0.00%,83.05%,702
2022-07-01 03:08:12,40,ToU,0.5,Fuzzy,Padrão A,1.15,1.2,1.25,29,16.4,13.6,15.8,14.02%,87.59%,2.5
2022-07-01 03:08:13,41,Fixa,0.0,No_fuzzy,Padrão C,1.16,1.22,1.26,29,14.5,12.7,12.7,-0.00%,78.32%,882
2022-07-01 03:08:14,42,Fixa,0.0,Fuzzy,Padrão B,1.21,1.24,1.26,14,14.5,12.7,12.7,-0.00%,83.47%,692
2022-07-01 03:08:15,43,Fixa,0.0,No_fuzzy,Padrão A,1.23,1.25,1.26,0.0083,16.4,14.3,14.3,0.00%,87.09%,2.21
2022-07-01 03:08:16,44,Fixa,0.0,Fuzzy,Padrão B,1.21,1.24,1.26,14,14.5,12.7,12.7,-0.00%,84.97%,742
2022-07-01 03:08:17,45,Fixa,0.0,Fuzzy,Padrão C,1.18,1.24,1.27,0.02,14.5,12.7,12.7,-0.00%,84.69%,831
2022-07-01 03:08:18,46,ToU,0.75,Fuzzy,Padrão B,997,1.09,1.15,0.04,14.5,13.2,13.8,4.06%,78.20%,692
2022-07-01 03:08:19,47,Fixa,0.0,No_fuzzy,Padrão C,1.15,1.22,1.25,24,14.5,12.7,12.7,-0.00%,75.39%,808
2022-07-01 03:08:20,48,Fixa,0.0,Fuzzy,Padrão B,1.21,1.24,1.27,18,14.5,12.7,12.7,-0.00%,84.30%,728
2022-07-01 03:08:21,49,Fixa,0.0,Fuzzy,Padrão C,1.2,1.24,1.27,19,14.5,12.7,12.7,-0.00%,85.02%,812
2022-07-01 03:08:22,50,ToU,1.0,Fuzzy,Padrão B,963,1.04,1.11,47,14.5,13.2,13.8,4.20%,78.54%,634
2022-07-01 03:08:23,51,ToU,1.0,No_fuzzy,Padrão C,936,1.03,1.11,45,14.5,13.4,13.8,2.86%,69.44%,659
2022-07-01 03:08:24,52,Fixa,0.0,Fuzzy,Padrão A,1.24,1.26,1.27,0.0054,16.4,14.3,14.3,0.00%,89.67%,2.11
2022-07-01 03:08:25,53,ToU,1.0,Fuzzy,Padrão A,1.0,1.14,1.25,57,16.4,13.6,15.8,13.89%,86.43%,2.75
2022-07-01 03:08:26,54,Fixa,0.0,Fuzzy,Padrão B,1.18,1.24,1.27,22,14.5,12.7,12.7,-0.00%,83.64%,843
2022-07-01 03:08:27,55,Fixa,0.0,No_fuzzy,Padrão A,1.23,1.25,1.26,9,16.4,14.3,14.3,0.00%,87.26%,2.35
2022-07-01 03:08:28,56,ToU,0.25,Fuzzy,Padrão C,1.14,1.18,1.22,23,14.5,13.5,13.8,2.01%,82.64%,763
2022-07-01 03:08:29,57,ToU,0.5,No_fuzzy,Padrão A,1.12,1.18,1.23,29,16.4,13.8,15.8,12.70%,82.26%,2.84
2022-07-01 03:08:30,58,ToU,0.25,Fuzzy,Padrão B,1.12,1.19,1.22,22,14.5,13.2,13.8,3.99%,82.07%,811
2022-07-01 03:08:31,59,ToU,0.5,No_fuzzy,Padrão C,1.09,1.13,1.18,25,14.5,13.0,13.8,5.41%,75.43%,632
2022-07-01 03:08:32,60,Fixa,0.0,Fuzzy,Padrão A,1.23,1.26,1.27,0.0085,16.4,14.3,14.3,0.00%,89.64%,2.13
2022-07-01 03:08:33,61,ToU,0.0,No_fuzzy,Padrão B,1.16,1.22,1.27,25,14.5,14.6,13.8,-5.76%,76.69%,882
2022-07-01 03:08:34,62,ToU,1.0,Fuzzy,Padrão C,936,1.02,1.11,53,14.5,13.5,13.8,1.89%,77.62%,591
2022-07-01 03:08:35,63,ToU,0.0,No_fuzzy,Padrão A,1.23,1.25,1.26,0.01,16.4,15.3,15.8,3.10%,87.46%,2.51
2022-07-01 03:08:36,64,Fixa,0.0,Fuzzy,Padrão C,1.21,1.24,1.28,16,14.5,12.7,12.7,-0.00%,85.33%,0.8
2022-07-01 03:08:37,65,ToU,0.75,Fuzzy,Padrão A,1.04,1.15,1.23,44,16.4,13.8,15.8,12.46%,85.61%,2.41
2022-07-01 03:08:38,66,Fixa,0.0,Fuzzy,Padrão B,1.18,1.24,1.26,19,14.5,12.7,12.7,-0.00%,83.39%,0.66
2022-07-01 03:08:39,67,Fixa,0.0,No_fuzzy,Padrão A,1.22,1.25,1.26,0.0096,16.4,14.3,14.3,0.00%,87.08%,2.36
2022-07-01 03:08:40,68,ToU,1.0,No_fuzzy,Padrão A,1.02,1.16,1.26,62,16.4,13.3,15.8,15.88%,80.99%,2.52
2022-07-01 03:08:41,69,ToU,0.75,Fuzzy,Padrão B,945,1.07,1.14,44,14.5,13.6,13.8,1.10%,80.04%,711
2022-07-01 03:08:42,70,Fixa,0.0,No_fuzzy,Padrão C,1.15,1.23,1.27,26,14.5,12.7,12.7,-0.00%,79.72%,938
2022-07-01 03:08:43,71,Fixa,0.0,Fuzzy,Padrão B,1.18,1.24,1.27,18,14.5,12.7,12.7,-0.00%,84.94%,683
2022-07-01 03:08:44,72,Fixa,0.0,Fuzzy,Padrão B,1.19,1.24,1.27,21,14.5,12.7,12.7,-0.00%,84.18%,798
2022-07-01 03:08:45,73,ToU,1.0,No_fuzzy,Padrão B,943,1.04,1.11,57,14.5,13.2,13.8,3.80%,69.62%,709
2022-07-01 03:08:46,74,Fixa,0.0,Fuzzy,Padrão B,1.22,1.24,1.27,15,14.5,12.7,12.7,-0.00%,85.55%,745
2022-07-01 03:08:47,75,ToU,0.0,No_fuzzy,Padrão B,1.16,1.22,1.27,27,14.5,14.3,13.8,-3.72%,78.40%,0.88
2022-07-01 03:08:48,76,ToU,0.25,No_fuzzy,Padrão C,1.11,1.16,1.2,24,14.5,13.5,13.8,2.21%,73.97%,0.87
2022-07-01 03:08:49,77,ToU,0.0,Fuzzy,Padrão A,1.23,1.26,1.27,0.0089,16.4,15.2,15.8,3.49%,89.80%,2.23
2022-07-01 03:08:50,78,Fixa,0.0,Fuzzy,Padrão A,1.24,1.26,1.27,0.0065,16.4,14.3,14.3,0.00%,89.38%,2.32
2022-07-01 03:08:51,79,ToU,0.25,No_fuzzy,Padrão C,1.11,1.16,1.19,23,14.5,13.6,13.8,1.49%,73.88%,755
2022-07-01 03:08:52,80,ToU,1.0,No_fuzzy,Padrão C,901,1.04,1.11,46,14.5,13.2,13.8,3.80%,69.70%,0.72
2022-07-01 03:08:53,81,Fixa,0.0,No_fuzzy,Padrão B,1.16,1.22,1.26,24,14.5,12.7,12.7,-0.00%,77.94%,812
2022-07-01 03:08:54,82,Fixa,0.0,Fuzzy,Padrão A,1.24,1.26,1.27,0.0085,16.4,14.3,14.3,0.00%,89.28%,2.57
2022-07-01 03:08:55,83,Fixa,0.0,Fuzzy,Padrão C,1.19,1.24,1.27,22,14.5,12.7,12.7,-0.00%,85.12%,808
2022-07-01 03:08:56,84,ToU,0.75,No_fuzzy,Padrão B,988,1.07,1.14,42,14.5,13.4,13.8,2.54%,70.37%,879
2022-07-01 03:08:57,85,ToU,0.5,No_fuzzy,Padrão C,1.05,1.12,1.17,0.03,14.5,13.2,13.8,4.14%,71.71%,786
2022-07-01 03:08:58,86,ToU,1.0,No_fuzzy,Padrão A,984,1.14,1.25,55,16.4,13.5,15.8,14.28%,81.90%,2.38
2022-07-01 03:08:59,87,Fixa,0.0,No_fuzzy,Padrão C,1.17,1.23,1.27,0.02,14.5,12.7,12.7,-0.00%,80.19%,0.9
2022-07-01 03:09:00,88,Fixa,0.0,No_fuzzy,Padrão A,1.22,1.25,1.26,11,16.4,14.3,14.3,0.00%,86.73%,2.39
2022-07-01 03:09:01,89,Fixa,0.0,Fuzzy,Padrão C,1.21,1.24,1.27,17,14.5,12.7,12.7,-0.00%,85.64%,766
2022-07-01 03:09:02,90,Fixa,0.0,No_fuzzy,Padrão B,1.18,1.23,1.26,0.02,14.5,12.7,12.7,-0.00%,79.18%,899
2022-07-01 03:09:03,91,ToU,0.5,No_fuzzy,Padrão A,1.14,1.19,1.25,29,16.4,13.7,15.8,13.16%,83.51%,2.91
2022-07-01 03:09:04,92,ToU,1.0,Fuzzy,Padrão A,1.01,1.16,1.26,66,16.4,13.3,15.8,15.73%,86.68%,2.72
2022-07-01 03:09:05,93,Fixa,0.0,Fuzzy,Padrão B,1.19,1.24,1.27,17,14.5,12.7,12.7,-0.00%,84.28%,821
2022-07-01 03:09:06,94,Fixa,0.0,Fuzzy,Padrão C,1.19,1.24,1.27,16,14.5,12.7,12.7,-0.00%,84.43%,0.79
2022-07-01 03:09:07,95,Fixa,0.0,Fuzzy,Padrão C,1.18,1.24,1.27,19,14.5,12.7,12.7,-0.00%,83.78%,709
2022-07-01 03:09:08,96,ToU,0.5,Fuzzy,Padrão C,1.06,1.12,1.18,33,14.5,13.6,13.8,1.14%,79.70%,0.92
2022-07-01 03:09:09,97,Fixa,0.0,Fuzzy,Padrão A,1.23,1.26,1.27,0.0077,16.4,14.3,14.3,0.00%,89.86%,2.2
2022-07-01 03:09:10,98,ToU,0.5,Fuzzy,Padrão C,1.07,1.13,1.18,29,14.5,13.3,13.8,3.24%,82.36%,842
2022-07-01 03:09:11,99,ToU,0.0,Fuzzy,Padrão A,1.24,1.26,1.26,7,16.4,15.2,15.8,3.27%,89.32%,2.48
2022-07-01 03:09:12,100,Fixa,0.0,No_fuzzy,Padrão B,1.14,1.22,1.26,27,14.5,12.7,12.7,-0.00%,76.06%,756
2022-07-02 04:07:14,1,ToU,1.0,Fuzzy,Padrão C,897,1.01,1.11,48,14.5,13.6,13.8,1.23%,77.60%,604
2022-07-02 04:07:15,2,ToU,0.25,No_fuzzy,Padrão C,1.1,1.17,1.21,27,14.5,13.3,13.8,3.07%,75.92%,864
2022-07-02 04:07:16,3,Fixa,0.0,No_fuzzy,Padrão A,1.23,1.25,1.26,0.0091,16.4,14.3,14.3,0.00%,86.48%,2.42
2022-07-02 04:07:17,4,ToU,0.0,Fuzzy,Padrão C,1.2,1.24,1.27,16,14.5,14.0,13.8,-1.71%,84.50%,0.72
2022-07-02 04:07:18,5,ToU,0.75,Fuzzy,Padrão B,1.02,1.09,1.15,42,14.5,13.1,13.8,4.63%,81.74%,738
2022-07-02 04:07:19,6,Fixa,0.0,No_fuzzy,Padrão C,1.16,1.22,1.26,26,14.5,12.7,12.7,-0.00%,77.02%,787
2022-07-02 04:07:20,7,Fixa,0.0,Fuzzy,Padrão A,1.24,1.26,1.27,0.0075,16.4,14.3,14.3,0.00%,90.26%,2.16
2022-07-02 04:07:21,8,Fixa,0.0,Fuzzy,Padrão B,1.2,1.24,1.26,15,14.5,12.7,12.7,-0.00%,84.72%,931
2022-07-02 04:07:22,9,ToU,0.75,Fuzzy,Padrão A,1.09,1.18,1.25,44,16.4,13.3,15.8,15.34%,86.53%,2.72
2022-07-02 04:07:23,10,Fixa,0.0,No_fuzzy,Padrão C,1.16,1.22,1.25,22,14.5,12.7,12.7,-0.00%,78.29%,797
2022-07-02 04:07:24,11,ToU,0.75,No_fuzzy,Padrão C,995,1.09,1.14,39,14.5,13.1,13.8,4.61%,71.39%,705
2022-07-02 04:07:25,12,ToU,0.0,Fuzzy,Padrão A,1.23,1.26,1.27,0.0086,16.4,15.0,15.8,4.79%,90.62%,2.5
2022-07-02 04:07:26,13,Fixa,0.0,No_fuzzy,Padrão B,1.14,1.22,1.25,24,14.5,12.7,12.7,-0.00%,76.51%,771
2022-07-02 04:07:27,14,ToU,0.0,No_fuzzy,Padrão B,1.14,1.22,1.26,28,14.5,14.2,13.8,-3.09%,76.50%,846
2022-07-02 04:07:28,15,ToU,0.75,No_fuzzy,Padrão C,1.0,1.09,1.14,41,14.5,13.2,13.8,4.39%,73.00%,722
2022-07-02 04:07:29,16,Fixa,0.0,No_fuzzy,Padrão B,1.15,1.22,1.27,29,14.5,12.7,12.7,-0.00%,77.78%,788
2022-07-02 04:07:30,17,Fixa,0.0,Fuzzy,Padrão C,1.21,1.25,1.27,16,14.5,12.7,12.7,-0.00%,85.90%,839
2022-07-02 04:07:31,18,Fixa,0.0,No_fuzzy,Padrão B,1.17,1.23,1.27,22,14.5,12.7,12.7,-0.00%,79.40%,713
2022-07-02 04:07:32,19,Fixa,0.0,Fuzzy,Padrão A,1.23,1.26,1.27,12,16.4,14.3,14.3,0.00%,89.46%,2.12
2022-07-02 04:07:33,20,Fixa,0.0,Fuzzy,Padrão C,1.21,1.24,1.27,16,14.5,12.7,12.7,-0.00%,83.97%,785
2022-07-02 04:07:34,21,Fixa,0.0,No_fuzzy,Padrão B,1.16,1.22,1.25,21,14.5,12.7,12.7,-0.00%,77.03%,784
2022-07-02 04:07:35,22,Fixa,0.0,No_fuzzy,Padrão A,1.22,1.25,1.26,0.01,16.4,14.3,14.3,0.00%,86.83%,2.28
2022-07-02 04:07:36,23,ToU,0.75,No_fuzzy,Padrão C,1.02,1.08,1.14,37,14.5,13.2,13.8,4.33%,71.61%,826
2022-07-02 04:07:37,24,Fixa,0.0,No_fuzzy,Padrão C,1.15,1.22,1.26,24,14.5,12.7,12.7,-0.00%,77.30%,859
2022-07-02 04:07:38,25,Fixa,0.0,No_fuzzy,Padrão B,1.17,1.22,1.25,22,14.5,12.7,12.7,-0.00%,78.52%,994
2022-07-02 04:07:39,26,ToU,0.25,Fuzzy,Padrão B,1.12,1.18,1.22,26,14.5,13.2,13.8,4.01%,81.00%,669
2022-07-02 04:07:40,27,ToU,0.75,No_fuzzy,Padrão C,992,1.08,1.14,46,14.5,13.3,13.8,3.29%,70.85%,749
2022-07-02 04:07:41,28,Fixa,0.0,No_fuzzy,Padrão A,1.23,1.25,1.26,0.0086,16.4,14.3,14.3,0.00%,86.77%,2.43
2022-07-02 04:07:42,29,ToU,0.0,Fuzzy,Padrão C,1.19,1.25,1.27,21,14.5,14.3,13.8,-3.64%,85.90%,824
2022-07-02 04:07:43,30,ToU,1.0,Fuzzy,Padrão A,1.06,1.15,1.24,49,16.4,13.4,15.8,14.71%,87.55%,2.47
2022-07-02 04:07:44,31,Fixa,0.0,No_fuzzy,Padrão C,1.18,1.23,1.27,18,14.5,12.7,12.7,-0.00%,79.06%,939
2022-07-02 04:07:45,32,ToU,1.0,No_fuzzy,Padrão B,891,1.02,1.11,49,14.5,13.5,13.8,1.95%,70.08%,0.6
2022-07-02 04:07:46,33,Fixa,0.0,Fuzzy,Padrão C,1.19,1.24,1.28,19,14.5,12.7,12.7,-0.00%,85.30%,713
2022-07-02 04:07:47,34,Fixa,0.0,No_fuzzy,Padrão A,1.23,1.25,1.27,0.0078,16.4,14.3,14.3,0.00%,86.98%,2.27
2022-07-02 04:07:48,35,ToU,0.0,Fuzzy,Padrão B,1.2,1.24,1.26,16,14.5,14.1,13.8,-2.30%,84.58%,819
2022-07-02 04:07:49,36,ToU,1.0,No_fuzzy,Padrão C,943,1.03,1.11,42,14.5,13.3,13.8,3.45%,70.37%,0.65
2022-07-02 04:07:50,37,Fixa,0.0,No_fuzzy,Padrão B,1.15,1.22,1.27,28,14.5,12.7,12.7,-0.00%,77.50%,833
2022-07-02 04:07:51,38,Fixa,0.0,No_fuzzy,Padrão B,1.15,1.22,1.26,27,14.5,12.7,12.7,-0.00%,78.37%,796
2022-07-02 04:07:52,39,Fixa,0.0,No_fuzzy,Padrão A,1.22,1.25,1.26,0.0088,16.4,14.3,14.3,0.00%,86.84%,2.2
2022-07-02 04:07:53,40,ToU,0.5,No_fuzzy,Padrão A,1.1,1.19,1.24,35,16.4,13.6,15.8,13.66%,82.95%,2.62
2022-07-02 04:07:54,41,Fixa,0.0,No_fuzzy,Padrão A,1.22,1.25,1.27,0.01,16.4,14.3,14.3,0.00%,86.69%,2.2
2022-07-02 04:07:55,42,Fixa,0.0,No_fuzzy,Padrão C,1.17,1.23,1.26,22,14.5,12.7,12.7,-0.00%,78.89%,858
2022-07-02 04:07:56,43,ToU,0.5,Fuzzy,Padrão C,1.07,1.13,1.18,29,14.5,13.3,13.8,3.56%,80.34%,865
2022-07-02 04:07:57,44,ToU,0.0,Fuzzy,Padrão C,1.19,1.24,1.27,22,14.5,13.9,13.8,-0.99%,83.86%,838
2022-07-02 04:07:58,45,Fixa,0.0,Fuzzy,Padrão B,1.21,1.24,1.27,18,14.5,12.7,12.7,-0.00%,84.44%,0.7
2022-07-02 04:07:59,46,ToU,0.25,Fuzzy,Padrão A,1.19,1.22,1.25,15,16.4,13.6,15.8,13.77%,86.92%,2.45
2022-07-02 04:08:00,47,ToU,0.0,No_fuzzy,Padrão B,1.17,1.23,1.26,21,14.5,13.9,13.8,-0.88%,79.58%,913
2022-07-02 04:08:01,48,ToU,0.25,Fuzzy,Padrão B,1.12,1.18,1.22,24,14.5,13.5,13.8,2.03%,81.05%,849
2022-07-02 04:08:02,49,Fixa,0.0,Fuzzy,Padrão B,1.21,1.24,1.26,14,14.5,12.7,12.7,-0.00%,84.83%,784
2022-07-02 04:08:03,50,ToU,0.0,Fuzzy,Padrão A,1.23,1.26,1.27,0.0094,16.4,15.1,15.8,4.17%,90.18%,2.52
2022-07-02 04:08:04,51,Fixa,0.0,Fuzzy,Padrão A,1.24,1.26,1.27,8,16.4,14.3,14.3,0.00%,89.48%,2.43
2022-07-02 04:08:05,52,ToU,1.0,No_fuzzy,Padrão B,931,1.04,1.11,56,14.5,13.2,13.8,4.22%,69.47%,743
2022-07-02 04:08:06,53,Fixa,0.0,Fuzzy,Padrão B,1.18,1.24,1.27,19,14.5,12.7,12.7,-0.00%,83.72%,692
2022-07-02 04:08:07,54,Fixa,0.0,No_fuzzy,Padrão A,1.22,1.25,1.26,9,16.4,14.3,14.3,0.00%,86.76%,2.34
2022-07-02 04:08:08,55,ToU,0.25,Fuzzy,Padrão C,1.12,1.19,1.22,21,14.5,13.3,13.8,3.51%,83.59%,747
2022-07-02 04:08:09,56,ToU,0.5,No_fuzzy,Padrão B,1.04,1.12,1.17,37,14.5,13.3,13.8,3.57%,72.17%,831
2022-07-02 04:08:10,57,Fixa,0.0,Fuzzy,Padrão C,1.2,1.24,1.27,19,14.5,12.7,12.7,-0.00%,84.88%,812
2022-07-02 04:08:11,58,ToU,0.25,No_fuzzy,Padrão B,1.11,1.17,1.21,24,14.5,13.3,13.8,3.68%,75.23%,708
2022-07-02 04:08:12,59,Fixa,0.0,Fuzzy,Padrão A,1.23,1.26,1.27,0.0091,16.4,14.3,14.3,0.00%,89.57%,2.21
2022-07-02 04:08:13,60,Fixa,0.0,Fuzzy,Padrão C,1.19,1.24,1.27,19,14.5,12.7,12.7,-0.00%,84.03%,769
2022-07-02 04:08:14,61,Fixa,0.0,Fuzzy,Padrão A,1.24,1.25,1.27,0.0091,16.4,14.3,14.3,0.00%,88.46%,2.37
2022-07-02 04:08:15,62,ToU,0.75,No_fuzzy,Padrão B,986,1.07,1.14,0.05,14.5,13.4,13.8,3.03%,70.60%,782
2022-07-02 04:08:16,63,ToU,1.0,Fuzzy,Padrão B,916,1.04,1.11,54,14.5,13.2,13.8,4.32%,77.38%,701
2022-07-02 04:08:17,64,Fixa,0.0,No_fuzzy,Padrão C,1.14,1.23,1.26,23,14.5,12.7,12.7,-0.00%,79.07%,744
2022-07-02 04:08:18,65,ToU,0.0,No_fuzzy,Padrão B,1.14,1.22,1.27,32,14.5,14.3,13.8,-4.18%,76.81%,957
2022-07-02 04:08:19,66,Fixa,0.0,No_fuzzy,Padrão A,1.22,1.25,1.27,13,16.4,14.3,14.3,0.00%,86.21%,2.77
2022-07-02 04:08:20,67,Fixa,0.0,No_fuzzy,Padrão A,1.23,1.25,1.26,0.0086,16.4,14.3,14.3,0.00%,86.40%,2.93
2022-07-02 04:08:21,68,Fixa,0.0,Fuzzy,Padrão C,1.2,1.24,1.27,19,14.5,12.7,12.7,-0.00%,84.80%,813
2022-07-02 04:08:22,69,Fixa,0.0,No_fuzzy,Padrão A,1.21,1.24,1.26,12,16.4,14.3,14.3,0.00%,85.97%,2.18
2022-07-02 04:08:23,70,Fixa,0.0,No_fuzzy,Padrão A,1.21,1.25,1.27,11,16.4,14.3,14.3,0.00%,86.09%,2.44
2022-07-02 04:08:24,71,Fixa,0.0,Fuzzy,Padrão C,1.19,1.25,1.26,14,14.5,12.7,12.7,-0.00%,86.98%,842
2022-07-02 04:08:25,72,Fixa,0.0,Fuzzy,Padrão C,1.19,1.24,1.27,17,14.5,12.7,12.7,-0.00%,83.59%,0.77
2022-07-02 04:08:26,73,ToU,1.0,No_fuzzy,Padrão B,925,1.04,1.11,44,14.5,13.3,13.8,3.54%,69.82%,697
2022-07-02 04:08:27,74,ToU,0.5,No_fuzzy,Padrão B,1.06,1.14,1.18,26,14.5,13.0,13.8,5.95%,75.05%,731
2022-07-02 04:08:28,75,Fixa,0.0,No_fuzzy,Padrão A,1.22,1.25,1.27,11,16.4,14.3,14.3,0.00%,85.84%,2.1
2022-07-02 04:08:29,76,Fixa,0.0,Fuzzy,Padrão A,1.24,1.26,1.27,0.0059,16.4,14.3,14.3,0.00%,90.48%,2.21
2022-07-02 04:08:30,77,Fixa,0.0,Fuzzy,Padrão A,1.23,1.26,1.27,0.0097,16.4,14.3,14.3,0.00%,89.67%,2.53
2022-07-02 04:08:31,78,Fixa,0.0,No_fuzzy,Padrão B,1.15,1.22,1.26,28,14.5,12.7,12.7,-0.00%,75.77%,861
2022-07-02 04:08:32,79,Fixa,0.0,Fuzzy,Padrão C,1.22,1.24,1.27,15,14.5,12.7,12.7,-0.00%,85.62%,723
2022-07-02 04:08:33,80,ToU,0.0,Fuzzy,Padrão A,1.24,1.26,1.27,0.0073,16.4,14.9,15.8,5.31%,89.83%,2.42
2022-07-02 04:08:34,81,Fixa,0.0,Fuzzy,Padrão C,1.2,1.24,1.27,19,14.5,12.7,12.7,-0.00%,83.68%,792
2022-07-02 04:08:35,82,Fixa,0.0,Fuzzy,Padrão B,1.18,1.24,1.27,25,14.5,12.7,12.7,-0.00%,83.03%,839
2022-07-02 04:08:36,83,Fixa,0.0,Fuzzy,Padrão C,1.22,1.24,1.26,14,14.5,12.7,12.7,-0.00%,85.27%,853
2022-07-02 04:08:37,84,ToU,0.75,Fuzzy,Padrão C,994,1.08,1.15,42,14.5,13.2,13.8,3.91%,77.68%,782
2022-07-02 04:08:38,85,Fixa,0.0,No_fuzzy,Padrão A,1.22,1.25,1.26,0.01,16.4,14.3,14.3,0.00%,85.99%,2.4
2022-07-02 04:08:39,86,Fixa,0.0,Fuzzy,Padrão B,1.2,1.24,1.27,18,14.5,12.7,12.7,-0.00%,83.71%,819
2022-07-02 04:08:40,87,ToU,0.0,Fuzzy,Padrão A,1.24,1.26,1.27,0.0084,16.4,15.4,15.8,2.48%,89.83%,2.27
2022-07-02 04:08:41,88,Fixa,0.0,Fuzzy,Padrão B,1.22,1.24,1.26,12,14.5,12.7,12.7,-0.00%,85.61%,689
2022-07-02 04:08:42,89,Fixa,0.0,No_fuzzy,Padrão B,1.17,1.22,1.26,26,14.5,12.7,12.7,-0.00%,77.58%,1.0
2022-07-02 04:08:43,90,Fixa,0.0,No_fuzzy,Padrão A,1.22,1.25,1.26,0.0098,16.4,14.3,14.3,0.00%,87.64%,2.58
2022-07-02 04:08:44,91,ToU,0.25,No_fuzzy,Padrão A,1.19,1.21,1.24,14,16.4,13.6,15.8,13.69%,83.06%,2.26
2022-07-02 04:08:45,92,Fixa,0.0,Fuzzy,Padrão B,1.2,1.24,1.26,17,14.5,12.7,12.7,-0.00%,84.66%,844
2022-07-02 04:08:46,93,Fixa,0.0,Fuzzy,Padrão C,1.2,1.24,1.27,0.02,14.5,12.7,12.7,-0.00%,82.67%,964
2022-07-02 04:08:47,94,Fixa,0.0,No_fuzzy,Padrão A,1.22,1.25,1.26,11,16.4,14.3,14.3,0.00%,86.55%,2.21
2022-07-02 04:08:48,95,Fixa,0.0,No_fuzzy,Padrão C,1.21,1.23,1.26,13,14.5,12.7,12.7,-0.00%,81.67%,941
2022-07-02 04:08:49,96,ToU,0.75,Fuzzy,Padrão B,976,1.09,1.14,44,14.5,13.2,13.8,3.89%,80.16%,906
2022-07-02 04:08:50,97,Fixa,0.0,No_fuzzy,Padrão A,1.23,1.25,1.26,8,16.4,14.3,14.3,0.00%,86.98%,2.36
2022-07-02 04:08:51,98,Fixa,0.0,Fuzzy,Padrão A,1.23,1.26,1.27,0.0074,16.4,14.3,14.3,0.00%,89.90%,2.04
2022-07-02 04:08:52,99,ToU,0.25,Fuzzy,Padrão B,1.14,1.19,1.22,24,14.5,13.2,13.8,4.36%,82.42%,0.82
2022-07-02 04:08:53,100,ToU,1.0,No_fuzzy,Padrão B,0.92,1.05,1.11,49,14.5,13.1,13.8,4.79%,73.07%,719
2022-07-03 05:07:45,1,Fixa,0.0,Fuzzy,Padrão A,1.24,1.26,1.27,0.0092,16.4,14.3,14.3,0.00%,90.44%,2.15
2022-07-03 05:07:46,2,Fixa,0.0,No_fuzzy,Padrão C,1.17,1.22,1.26,22,14.5,12.7,12.7,-0.00%,78.61%,805
2022-07-03 05:07:47,3,Fixa,0.0,No_fuzzy,Padrão A,1.21,1.25,1.26,12,16.4,14.3,14.3,0.00%,86.20%,2.22
2022-07-03 05:07:48,4,ToU,0.0,No_fuzzy,Padrão B,1.14,1.22,1.27,29,14.5,14.0,13.8,-1.81%,76.34%,811
2022-07-03 05:07:49,5,Fixa,0.0,Fuzzy,Padrão A,1.24,1.26,1.27,8,16.4,14.3,14.3,0.00%,89.68%,2.33
2022-07-03 05:07:50,6,Fixa,0.0,No_fuzzy,Padrão C,1.15,1.22,1.25,27,14.5,12.7,12.7,-0.00%,76.31%,996
2022-07-03 05:07:51,7,ToU,0.75,Fuzzy,Padrão C,1.0,1.09,1.15,41,14.5,13.2,13.8,4.37%,80.45%,726
2022-07-03 05:07:52,8,ToU,1.0,Fuzzy,Padrão A,1.04,1.16,1.24,53,16.4,13.3,15.8,15.53%,86.60%,2.51
2022-07-03 05:07:53,9,ToU,0.0,Fuzzy,Padrão C,1.22,1.24,1.27,13,14.5,14.3,13.8,-3.91%,84.87%,793
2022-07-03 05:07:54,10,Fixa,0.0,No_fuzzy,Padrão B,1.18,1.22,1.25,19,14.5,12.7,12.7,-0.00%,77.25%,876
2022-07-03 05:07:55,11,Fixa,0.0,No_fuzzy,Padrão A,1.22,1.25,1.26,11,16.4,14.3,14.3,0.00%,86.45%,2.45
2022-07-03 05:07:56,12,ToU,1.0,No_fuzzy,Padrão A,1.0,1.14,1.25,64,16.4,13.5,15.8,14.25%,81.17%,2.77
2022-07-03 05:07:57,13,Fixa,0.0,No_fuzzy,Padrão B,1.18,1.23,1.27,19,14.5,12.7,12.7,-0.00%,81.04%,0.82
2022-07-03 05:07:58,14,Fixa,0.0,No_fuzzy,Padrão A,1.22,1.25,1.26,0.0099,16.4,14.3,14.3,0.00%,86.51%,2.37
2022-07-03 05:07:59,15,Fixa,0.0,Fuzzy,Padrão A,1.24,1.26,1.27,8,16.4,14.3,14.3,0.00%,90.35%,2.37
2022-07-03 05:08:00,16,Fixa,0.0,Fuzzy,Padrão C,1.18,1.24,1.27,19,14.5,12.7,12.7,-0.00%,85.56%,825
2022-07-03 05:08:01,17,Fixa,0.0,Fuzzy,Padrão B,1.18,1.24,1.27,24,14.5,12.7,12.7,-0.00%,83.40%,872
2022-07-03 05:08:02,18,Fixa,0.0,No_fuzzy,Padrão C,1.18,1.23,1.26,17,14.5,12.7,12.7,-0.00%,80.19%,892
2022-07-03 05:08:03,19,ToU,1.0,Fuzzy,Padrão B,902,1.04,1.11,61,14.5,13.2,13.8,4.25%,78.64%,0.72
2022-07-03 05:08:04,20,Fixa,0.0,No_fuzzy,Padrão A,1.23,1.25,1.26,0.0093,16.4,14.3,14.3,0.00%,86.05%,2.53
2022-07-03 05:08:05,21,ToU,0.5,No_fuzzy,Padrão B,1.05,1.12,1.17,35,14.5,13.4,13.8,2.84%,71.88%,652
2022-07-03 05:08:06,22,Fixa,0.0,No_fuzzy,Padrão C,1.16,1.23,1.26,24,14.5,12.7,12.7,-0.00%,79.44%,902
2022-07-03 05:08:07,23,Fixa,0.0,Fuzzy,Padrão B,1.18,1.24,1.27,21,14.5,12.7,12.7,-0.00%,82.80%,756
2022-07-03 05:08:08,24,ToU,0.75,Fuzzy,Padrão B,1.04,1.09,1.15,32,14.5,13.2,13.8,4.21%,80.70%,639
2022-07-03 05:08:09,25,Fixa,0.0,Fuzzy,Padrão A,1.24,1.26,1.27,0.0084,16.4,14.3,14.3,0.00%,89.29%,2.13
2022-07-03 05:08:10,26,ToU,0.0,Fuzzy,Padrão B,1.19,1.24,1.27,0.02,14.5,14.2,13.8,-3.44%,84.43%,769
2022-07-03 05:08:11,27,Fixa,0.0,Fuzzy,Padrão C,1.2,1.25,1.27,18,14.5,12.7,12.7,-0.00%,86.55%,793
2022-07-03 05:08:12,28,ToU,1.0,No_fuzzy,Padrão A,1.03,1.13,1.24,52,16.4,13.7,15.8,12.78%,80.92%,2.46
2022-07-03 05:08:13,29,ToU,1.0,Fuzzy,Padrão B,922,1.02,1.11,54,14.5,13.5,13.8,1.66%,76.50%,669
2022-07-03 05:08:14,30,ToU,0.5,Fuzzy,Padrão A,1.11,1.19,1.26,33,16.4,13.6,15.8,14.02%,87.37%,2.71
2022-07-03 05:08:15,31,ToU,0.75,Fuzzy,Padrão C,994,1.09,1.15,0.04,14.5,13.1,13.8,4.56%,81.58%,779
2022-07-03 05:08:16,32,Fixa,0.0,Fuzzy,Padrão A,1.23,1.26,1.27,0.0091,16.4,14.3,14.3,0.00%,90.35%,2.25
2022-07-03 05:08:17,33,Fixa,0.0,Fuzzy,Padrão A,1.24,1.26,1.27,0.0062,16.4,14.3,14.3,0.00%,89.76%,2.22
2022-07-03 05:08:18,34,ToU,0.75,Fuzzy,Padrão A,1.06,1.17,1.23,49,16.4,13.5,15.8,14.06%,85.86%,2.75
2022-07-03 05:08:19,35,Fixa,0.0,No_fuzzy,Padrão B,1.18,1.23,1.26,22,14.5,12.7,12.7,-0.00%,78.76%,839
2022-07-03 05:08:20,36,ToU,0.5,Fuzzy,Padrão B,1.08,1.14,1.18,29,14.5,13.1,13.8,5.09%,79.67%,0.71
2022-07-03 05:08:21,37,ToU,0.5,Fuzzy,Padrão A,1.12,1.19,1.25,32,16.4,13.6,15.8,13.99%,87.14%,2.7
2022-07-03 05:08:22,38,ToU,0.0,No_fuzzy,Padrão C,1.14,1.22,1.27,27,14.5,14.3,13.8,-4.06%,77.62%,862
2022-07-03 05:08:23,39,Fixa,0.0,Fuzzy,Padrão A,1.23,1.25,1.27,0.01,16.4,14.3,14.3,0.00%,88.99%,2.19
2022-07-03 05:08:24,40,ToU,0.5,No_fuzzy,Padrão C,1.05,1.11,1.16,26,14.5,13.5,13.8,1.73%,70.61%,812
2022-07-03 05:08:25,41,Fixa,0.0,Fuzzy,Padrão C,1.2,1.24,1.26,18,14.5,12.7,12.7,-0.00%,83.95%,885
2022-07-03 05:08:26,42,Fixa,0.0,No_fuzzy,Padrão C,1.14,1.23,1.26,28,14.5,12.7,12.7,-0.00%,80.26%,914
2022-07-03 05:08:27,43,Fixa,0.0,No_fuzzy,Padrão C,1.16,1.22,1.26,26,14.5,12.7,12.7,-0.00%,77.16%,864
2022-07-03 05:08:28,44,ToU,0.5,No_fuzzy,Padrão C,1.06,1.12,1.17,29,14.5,13.2,13.8,3.86%,73.18%,855
2022-07-03 05:08:29,45,ToU,1.0,No_fuzzy,Padrão C,942,1.05,1.11,52,14.5,13.1,13.8,4.87%,68.82%,632
2022-07-03 05:08:30,46,ToU,0.5,Fuzzy,Padrão A,1.13,1.19,1.22,25,16.4,13.8,15.8,12.33%,86.76%,2.51
2022-07-03 05:08:31,47,Fixa,0.0,Fuzzy,Padrão A,1.24,1.26,1.27,0.0076,16.4,14.3,14.3,0.00%,90.21%,2.3
2022-07-03 05:08:32,48,Fixa,0.0,No_fuzzy,Padrão C,1.15,1.22,1.26,24,14.5,12.7,12.7,-0.00%,77.31%,866
2022-07-03 05:08:33,49,Fixa,0.0,Fuzzy,Padrão A,1.24,1.26,1.27,8,16.4,14.3,14.3,0.00%,90.20%,2.1
2022-07-03 05:08:34,50,ToU,1.0,Fuzzy,Padrão A,1.03,1.14,1.25,0.06,16.4,13.5,15.8,14.22%,86.25%,2.6
2022-07-03 05:08:35,51,ToU,0.0,No_fuzzy,Padrão C,1.16,1.22,1.26,0.02,14.5,14.2,13.8,-3.03%,77.86%,881
2022-07-03 05:08:36,52,Fixa,0.0,No_fuzzy,Padrão C,1.18,1.22,1.26,19,14.5,12.7,12.7,-0.00%,78.32%,905
2022-07-03 05:08:37,53,ToU,0.0,No_fuzzy,Padrão A,1.22,1.24,1.26,12,16.4,14.9,15.8,5.74%,85.69%,2.38
2022-07-03 05:08:38,54,ToU,0.75,Fuzzy,Padrão B,1.01,1.07,1.14,37,14.5,13.5,13.8,1.82%,77.84%,712
2022-07-03 05:08:39,55,Fixa,0.0,No_fuzzy,Padrão C,1.17,1.23,1.26,23,14.5,12.7,12.7,-0.00%,79.29%,1.16
2022-07-03 05:08:40,56,ToU,0.0,Fuzzy,Padrão A,1.23,1.26,1.27,0.0085,16.4,14.9,15.8,5.16%,89.71%,2.26
2022-07-03 05:08:41,57,ToU,0.25,No_fuzzy,Padrão B,1.14,1.18,1.21,19,14.5,13.3,13.8,3.49%,78.16%,868
2022-07-03 05:08:42,58,ToU,0.0,No_fuzzy,Padrão C,1.16,1.23,1.25,23,14.5,14.0,13.8,-1.91%,79.11%,0.79
2022-07-03 05:08:43,59,Fixa,0.0,No_fuzzy,Padrão C,1.19,1.22,1.26,18,14.5,12.7,12.7,-0.00%,77.87%,0.81
2022-07-03 05:08:44,60,Fixa,0.0,No_fuzzy,Padrão C,1.17,1.22,1.26,24,14.5,12.7,12.7,-0.00%,76.61%,856
2022-07-03 05:08:45,61,Fixa,0.0,Fuzzy,Padrão B,1.19,1.24,1.26,19,14.5,12.7,12.7,-0.00%,84.42%,932
2022-07-03 05:08:46,62,Fixa,0.0,Fuzzy,Padrão A,1.23,1.26,1.27,0.0082,16.4,14.3,14.3,0.00%,90.16%,2.43
2022-07-03 05:08:47,63,Fixa,0.0,No_fuzzy,Padrão B,1.14,1.22,1.27,27,14.5,12.7,12.7,-0.00%,76.71%,919
2022-07-03 05:08:48,64,ToU,0.5,No_fuzzy,Padrão A,1.12,1.19,1.23,31,16.4,13.5,15.8,14.17%,82.35%,2.45
2022-07-03 05:08:49,65,Fixa,0.0,No_fuzzy,Padrão B,1.16,1.22,1.25,23,14.5,12.7,12.7,-0.00%,78.13%,934
2022-07-03 05:08:50,66,ToU,0.5,No_fuzzy,Padrão C,1.04,1.12,1.17,38,14.5,13.3,13.8,3.07%,71.19%,805
2022-07-03 05:08:51,67,Fixa,0.0,Fuzzy,Padrão B,1.18,1.24,1.26,15,14.5,12.7,12.7,-0.00%,84.71%,762
2022-07-03 05:08:52,68,ToU,0.5,Fuzzy,Padrão A,1.12,1.19,1.24,32,16.4,13.7,15.8,13.33%,87.26%,2.74
2022-07-03 05:08:53,69,ToU,0.0,Fuzzy,Padrão B,1.18,1.24,1.27,22,14.5,14.2,13.8,-3.15%,83.23%,671
2022-07-03 05:08:54,70,ToU,1.0,Fuzzy,Padrão C,943,1.05,1.11,52,14.5,13.1,13.8,4.51%,78.78%,624
2022-07-03 05:08:55,71,ToU,0.25,No_fuzzy,Padrão C,1.12,1.17,1.21,24,14.5,13.4,13.8,2.98%,76.16%,827
2022-07-03 05:08:56,72,ToU,0.0,Fuzzy,Padrão C,1.18,1.24,1.27,0.02,14.5,14.1,13.8,-2.10%,85.18%,0.88
2022-07-03 05:08:57,73,Fixa,0.0,No_fuzzy,Padrão A,1.22,1.25,1.27,12,16.4,14.3,14.3,0.00%,86.65%,2.59
2022-07-03 05:08:58,74,Fixa,0.0,No_fuzzy,Padrão C,1.15,1.22,1.26,28,14.5,12.7,12.7,-0.00%,76.65%,761
2022-07-03 05:08:59,75,Fixa,0.0,No_fuzzy,Padrão B,1.16,1.22,1.25,26,14.5,12.7,12.7,-0.00%,76.97%,837
2022-07-03 05:09:00,76,Fixa,0.0,Fuzzy,Padrão C,1.18,1.24,1.27,0.02,14.5,12.7,12.7,-0.00%,83.57%,852
2022-07-03 05:09:01,77,Fixa,0.0,Fuzzy,Padrão A,1.24,1.26,1.27,0.0066,16.4,14.3,14.3,0.00%,90.26%,2.22
2022-07-03 05:09:02,78,Fixa,0.0,No_fuzzy,Padrão B,1.15,1.22,1.26,29,14.5,12.7,12.7,-0.00%,76.58%,855
2022-07-03 05:09:03,79,Fixa,0.0,Fuzzy,Padrão A,1.24,1.26,1.27,0.0089,16.4,14.3,14.3,0.00%,90.59%,2.29
2022-07-03 05:09:04,80,Fixa,0.0,Fuzzy,Padrão A,1.24,1.26,1.27,0.0074,16.4,14.3,14.3,0.00%,90.12%,2.27
2022-07-03 05:09:05,81,ToU,1.0,No_fuzzy,Padrão A,1.01,1.12,1.25,65,16.4,13.8,15.8,12.17%,81.65%,2.32
2022-07-03 05:09:06,82,ToU,0.0,No_fuzzy,Padrão B,1.17,1.22,1.25,0.02,14.5,14.1,13.8,-2.34%,77.80%,0.83
2022-07-03 05:09:07,83,ToU,0.5,No_fuzzy,Padrão A,1.14,1.19,1.25,35,16.4,13.5,15.8,14.39%,82.40%,2.61
2022-07-03 05:09:08,84,Fixa,0.0,Fuzzy,Padrão B,1.2,1.24,1.27,16,14.5,12.7,12.7,-0.00%,85.19%,804
2022-07-03 05:09:09,85,Fixa,0.0,Fuzzy,Padrão B,1.19,1.24,1.27,19,14.5,12.7,12.7,-0.00%,83.29%,858
2022-07-03 05:09:10,86,Fixa,0.0,No_fuzzy,Padrão C,1.17,1.23,1.26,0.02,14.5,12.7,12.7,-0.00%,81.11%,845
2022-07-03 05:09:11,87,Fixa,0.0,No_fuzzy,Padrão A,1.22,1.25,1.26,9,16.4,14.3,14.3,0.00%,87.45%,2.26
2022-07-03 05:09:12,88,Fixa,0.0,No_fuzzy,Padrão B,1.16,1.22,1.26,27,14.5,12.7,12.7,-0.00%,77.13%,884
2022-07-03 05:09:13,89,Fixa,0.0,No_fuzzy,Padrão B,1.17,1.22,1.25,21,14.5,12.7,12.7,-0.00%,77.90%,849
2022-07-03 05:09:14,90,ToU,1.0,No_fuzzy,Padrão C,954,1.04,1.11,52,14.5,13.2,13.8,4.13%,70.86%,0.65
2022-07-03 05:09:15,91,Fixa,0.0,Fuzzy,Padrão A,1.23,1.25,1.27,11,16.4,14.3,14.3,0.00%,88.24%,2.26
2022-07-03 05:09:16,92,Fixa,0.0,No_fuzzy,Padrão B,1.18,1.23,1.27,25,14.5,12.7,12.7,-0.00%,79.16%,847
2022-07-03 05:09:17,93,Fixa,0.0,No_fuzzy,Padrão B,1.18,1.23,1.26,25,14.5,12.7,12.7,-0.00%,78.91%,817
2022-07-03 05:09:18,94,Fixa,0.0,No_fuzzy,Padrão A,1.23,1.25,1.26,8,16.4,14.3,14.3,0.00%,87.46%,2.44
2022-07-03 05:09:19,95,Fixa,0.0,Fuzzy,Padrão B,1.19,1.25,1.27,16,14.5,12.7,12.7,-0.00%,86.13%,729
2022-07-03 05:09:20,96,ToU,0.75,Fuzzy,Padrão B,1.0,1.09,1.15,43,14.5,13.3,13.8,3.77%,79.86%,705
2022-07-03 05:09:21,97,ToU,0.5,Fuzzy,Padrão B,1.07,1.13,1.18,35,14.5,13.3,13.8,3.45%,80.49%,0.83
2022-07-03 05:09:22,98,Fixa,0.0,Fuzzy,Padrão C,1.18,1.24,1.26,21,14.5,12.7,12.7,-0.00%,82.38%,836
2022-07-03 05:09:23,99,Fixa,0.0,No_fuzzy,Padrão B,1.15,1.23,1.26,27,14.5,12.7,12.7,-0.00%,78.91%,982
2022-07-03 05:09:24,100,ToU,0.25,No_fuzzy,Padrão C,1.11,1.16,1.2,28,14.5,13.4,13.8,2.93%,72.60%,0.94
2022-07-04 06:07:17,1,Fixa,0.0,No_fuzzy,Padrão C,1.15,1.22,1.26,23,14.5,12.7,12.7,-0.00%,78.63%,836
2022-07-04 06:07:18,2,ToU,0.75,Fuzzy,Padrão C,998,1.08,1.15,42,14.5,13.3,13.8,3.22%,79.46%,821
2022-07-04 06:07:19,3,ToU,0.25,No_fuzzy,Padrão B,1.11,1.17,1.21,28,14.5,13.2,13.8,4.18%,74.81%,823
2022-07-04 06:07:20,4,Fixa,0.0,No_fuzzy,Padrão A,1.22,1.24,1.26,11,16.4,14.3,14.3,0.00%,85.34%,2.21
2022-07-04 06:07:21,5,ToU,1.0,No_fuzzy,Padrão A,933,1.14,1.25,64,16.4,13.6,15.8,13.65%,81.41%,2.35
2022-07-04 06:07:22,6,Fixa,0.0,Fuzzy,Padrão B,1.2,1.24,1.26,18,14.5,12.7,12.7,-0.00%,84.77%,707
2022-07-04 06:07:23,7,ToU,1.0,No_fuzzy,Padrão C,932,1.03,1.11,58,14.5,13.3,13.8,3.47%,68.58%,635
2022-07-04 06:07:24,8,ToU,0.25,Fuzzy,Padrão B,1.13,1.18,1.22,22,14.5,13.5,13.8,2.20%,82.07%,898
2022-07-04 06:07:25,9,ToU,0.5,No_fuzzy,Padrão B,1.05,1.12,1.17,32,14.5,13.4,13.8,2.43%,72.79%,0.75
2022-07-04 06:07:26,10,ToU,0.75,No_fuzzy,Padrão B,1.0,1.08,1.14,42,14.5,13.2,13.8,4.02%,71.98%,735
2022-07-04 06:07:27,11,ToU,0.0,Fuzzy,Padrão B,1.2,1.24,1.26,16,14.5,14.3,13.8,-3.51%,85.36%,831
2022-07-04 06:07:28,12,ToU,0.0,No_fuzzy,Padrão A,1.22,1.25,1.26,0.01,16.4,14.9,15.8,5.24%,85.84%,2.61
2022-07-04 06:07:29,13,Fixa,0.0,Fuzzy,Padrão C,1.18,1.24,1.26,0.02,14.5,12.7,12.7,-0.00%,82.38%,727
2022-07-04 06:07:30,14,Fixa,0.0,Fuzzy,Padrão C,1.18,1.24,1.27,19,14.5,12.7,12.7,-0.00%,83.08%,756
2022-07-04 06:07:31,15,ToU,0.75,No_fuzzy,Padrão C,982,1.07,1.14,44,14.5,13.5,13.8,2.04%,71.33%,749
2022-07-04 06:07:32,16,Fixa,0.0,No_fuzzy,Padrão B,1.17,1.22,1.26,22,14.5,12.7,12.7,-0.00%,75.84%,945
2022-07-04 06:07:33,17,Fixa,0.0,Fuzzy,Padrão B,1.18,1.24,1.27,21,14.5,12.7,12.7,-0.00%,84.57%,791
2022-07-04 06:07:34,18,Fixa,0.0,No_fuzzy,Padrão B,1.18,1.23,1.26,21,14.5,12.7,12.7,-0.00%,80.79%,819
2022-07-04 06:07:35,19,ToU,0.0,No_fuzzy,Padrão B,1.17,1.22,1.26,25,14.5,14.2,13.8,-3.30%,75.36%,0.82
2022-07-04 06:07:36,20,Fixa,0.0,No_fuzzy,Padrão A,1.22,1.25,1.26,12,16.4,14.3,14.3,0.00%,86.37%,2.5
2022-07-04 06:07:37,21,ToU,0.5,Fuzzy,Padrão B,1.07,1.13,1.17,25,14.5,13.4,13.8,2.46%,82.04%,746
2022-07-04 06:07:38,22,ToU,0.75,No_fuzzy,Padrão B,965,1.07,1.14,49,14.5,13.4,13.8,2.41%,70.34%,946
2022-07-04 06:07:39,23,Fixa,0.0,No_fuzzy,Padrão A,1.23,1.25,1.26,0.01,16.4,14.3,14.3,0.00%,87.39%,2.43
2022-07-04 06:07:40,24,ToU,1.0,Fuzzy,Padrão B,937,1.04,1.11,47,14.5,13.2,13.8,4.49%,79.38%,766
2022-07-04 06:07:41,25,ToU,0.25,Fuzzy,Padrão B,1.14,1.19,1.22,22,14.5,13.2,13.8,3.88%,82.33%,785
2022-07-04 06:07:42,26,ToU,0.75,Fuzzy,Padrão B,961,1.08,1.15,43,14.5,13.4,13.8,2.89%,79.40%,717
2022-07-04 06:07:43,27,Fixa,0.0,No_fuzzy,Padrão C,1.18,1.23,1.26,0.02,14.5,12.7,12.7,-0.00%,79.16%,0.93
2022-07-04 06:07:44,28,Fixa,0.0,Fuzzy,Padrão B,1.18,1.23,1.27,0.02,14.5,12.7,12.7,-0.00%,81.92%,756
2022-07-04 06:07:45,29,ToU,0.0,No_fuzzy,Padrão B,1.15,1.22,1.25,21,14.5,14.2,13.8,-3.07%,77.86%,888
2022-07-04 06:07:46,30,Fixa,0.0,No_fuzzy,Padrão C,1.16,1.22,1.26,26,14.5,12.7,12.7,-0.00%,76.39%,841
2022-07-04 06:07:47,31,Fixa,0.0,Fuzzy,Padrão A,1.23,1.25,1.27,0.0093,16.4,14.3,14.3,0.00%,89.10%,2.19
2022-07-04 06:07:48,32,Fixa,0.0,No_fuzzy,Padrão C,1.17,1.22,1.25,25,14.5,12.7,12.7,-0.00%,76.04%,899
2022-07-04 06:07:49,33,Fixa,0.0,Fuzzy,Padrão A,1.24,1.26,1.27,0.0074,16.4,14.3,14.3,0.00%,90.68%,2.44
2022-07-04 06:07:50,34,Fixa,0.0,No_fuzzy,Padrão C,1.14,1.22,1.26,25,14.5,12.7,12.7,-0.00%,76.43%,891
2022-07-04 06:07:51,35,Fixa,0.0,Fuzzy,Padrão B,1.2,1.24,1.26,19,14.5,12.7,12.7,-0.00%,83.64%,764
2022-07-04 06:07:52,36,ToU,0.0,No_fuzzy,Padrão B,1.17,1.22,1.26,23,14.5,14.2,13.8,-3.15%,77.18%,905
2022-07-04 06:07:53,37,Fixa,0.0,No_fuzzy,Padrão C,1.14,1.22,1.25,26,14.5,12.7,12.7,-0.00%,75.87%,881
2022-07-04 06:07:54,38,ToU,0.75,Fuzzy,Padrão C,1.02,1.09,1.15,31,14.5,13.1,13.8,4.86%,80.86%,0.74
2022-07-04 06:07:55,39,Fixa,0.0,No_fuzzy,Padrão C,1.14,1.21,1.25,31,14.5,12.7,12.7,-0.00%,74.17%,793
2022-07-04 06:07:56,40,ToU,0.75,Fuzzy,Padrão C,1.0,1.08,1.15,41,14.5,13.3,13.8,3.60%,79.30%,716
2022-07-04 06:07:57,41,ToU,0.0,No_fuzzy,Padrão C,1.15,1.22,1.25,28,14.5,14.2,13.8,-2.85%,76.04%,813
2022-07-04 06:07:58,42,Fixa,0.0,No_fuzzy,Padrão A,1.2,1.25,1.27,14,16.4,14.3,14.3,0.00%,86.60%,2.5
2022-07-04 06:07:59,43,ToU,0.75,Fuzzy,Padrão C,984,1.09,1.15,46,14.5,13.2,13.8,3.87%,78.80%,857
2022-07-04 06:08:00,44,Fixa,0.0,No_fuzzy,Padrão B,1.17,1.23,1.27,24,14.5,12.7,12.7,-0.00%,78.75%,767
2022-07-04 06:08:01,45,Fixa,0.0,No_fuzzy,Padrão C,1.15,1.22,1.26,23,14.5,12.7,12.7,-0.00%,78.24%,835
2022-07-04 06:08:02,46,ToU,0.0,No_fuzzy,Padrão C,1.16,1.23,1.27,29,14.5,14.1,13.8,-2.41%,78.84%,1.01
2022-07-04 06:08:03,47,ToU,0.0,Fuzzy,Padrão C,1.19,1.24,1.26,17,14.5,14.1,13.8,-2.60%,84.57%,786
2022-07-04 06:08:04,48,ToU,1.0,Fuzzy,Padrão C,943,1.03,1.11,54,14.5,13.4,13.8,2.79%,79.98%,716
2022-07-04 06:08:05,49,ToU,0.5,Fuzzy,Padrão C,605,1.11,1.18,98,14.5,13.4,13.8,2.42%,80.49%,694
2022-07-04 06:08:06,50,Fixa,0.0,Fuzzy,Padrão A,1.23,1.26,1.27,0.0093,16.4,14.3,14.3,0.00%,90.21%,2.13
2022-07-04 06:08:07,51,Fixa,0.0,Fuzzy,Padrão C,1.19,1.24,1.27,18,14.5,12.7,12.7,-0.00%,84.74%,812
2022-07-04 06:08:08,52,ToU,0.75,Fuzzy,Padrão B,1.0,1.08,1.15,38,14.5,13.3,13.8,3.29%,77.50%,691
2022-07-04 06:08:09,53,Fixa,0.0,Fuzzy,Padrão C,1.19,1.24,1.27,19,14.5,12.7,12.7,-0.00%,85.14%,802
2022-07-04 06:08:10,54,ToU,0.5,Fuzzy,Padrão A,1.12,1.2,1.24,28,16.4,13.6,15.8,13.93%,87.81%,2.79
2022-07-04 06:08:11,55,Fixa,0.0,Fuzzy,Padrão B,1.21,1.24,1.27,15,14.5,12.7,12.7,-0.00%,84.96%,812
2022-07-04 06:08:12,56,Fixa,0.0,Fuzzy,Padrão C,1.21,1.24,1.27,17,14.5,12.7,12.7,-0.00%,85.60%,819
2022-07-04 06:08:13,57,Fixa,0.0,Fuzzy,Padrão C,1.2,1.24,1.27,18,14.5,12.7,12.7,-0.00%,84.54%,784
2022-07-04 06:08:14,58,ToU,0.75,Fuzzy,Padrão A,1.11,1.18,1.24,0.04,16.4,13.4,15.8,15.08%,87.60%,2.53
2022-07-04 06:08:15,59,Fixa,0.0,Fuzzy,Padrão C,1.19,1.24,1.27,22,14.5,12.7,12.7,-0.00%,83.50%,952
2022-07-04 06:08:16,60,Fixa,0.0,Fuzzy,Padrão C,1.2,1.24,1.27,17,14.5,12.7,12.7,-0.00%,84.06%,795
2022-07-04 06:08:17,61,Fixa,0.0,No_fuzzy,Padrão A,1.22,1.25,1.26,0.0092,16.4,14.3,14.3,0.00%,86.12%,2.49
2022-07-04 06:08:18,62,ToU,0.25,Fuzzy,Padrão C,1.13,1.19,1.22,24,14.5,13.3,13.8,3.26%,82.69%,792
2022-07-04 06:08:19,63,Fixa,0.0,Fuzzy,Padrão A,1.24,1.26,1.27,0.0075,16.4,14.3,14.3,0.00%,91.17%,2.53
2022-07-04 06:08:20,64,ToU,0.25,Fuzzy,Padrão C,1.14,1.18,1.22,21,14.5,13.3,13.8,3.22%,82.47%,776
2022-07-04 06:08:21,65,ToU,0.0,Fuzzy,Padrão A,1.23,1.26,1.27,0.0092,16.4,14.8,15.8,5.81%,90.13%,2.18
2022-07-04 06:08:22,66,ToU,0.25,Fuzzy,Padrão C,1.14,1.18,1.22,18,14.5,13.4,13.8,2.84%,82.19%,735
2022-07-04 06:08:23,67,ToU,0.25,Fuzzy,Padrão A,1.2,1.22,1.24,11,16.4,13.7,15.8,12.87%,87.95%,2.66
2022-07-04 06:08:24,68,ToU,0.0,No_fuzzy,Padrão C,1.18,1.23,1.26,19,14.5,14.0,13.8,-1.56%,79.78%,892
2022-07-04 06:08:25,69,ToU,1.0,Fuzzy,Padrão C,0.9,1.02,1.11,54,14.5,13.4,13.8,2.35%,78.68%,731
2022-07-04 06:08:26,70,ToU,0.0,Fuzzy,Padrão C,1.19,1.25,1.26,16,14.5,14.3,13.8,-3.85%,86.01%,839
2022-07-04 06:08:27,71,ToU,0.25,Fuzzy,Padrão B,1.14,1.18,1.22,23,14.5,13.1,13.8,4.56%,80.43%,698
2022-07-04 06:08:28,72,Fixa,0.0,No_fuzzy,Padrão A,1.24,1.25,1.26,0.0069,16.4,14.3,14.3,0.00%,86.74%,2.23
2022-07-04 06:08:29,73,ToU,1.0,No_fuzzy,Padrão A,1.03,1.16,1.25,64,16.4,13.2,15.8,16.11%,81.72%,2.25
2022-07-04 06:08:30,74,Fixa,0.0,No_fuzzy,Padrão B,1.14,1.22,1.27,27,14.5,12.7,12.7,-0.00%,77.40%,907
2022-07-04 06:08:31,75,Fixa,0.0,No_fuzzy,Padrão B,1.18,1.22,1.26,17,14.5,12.7,12.7,-0.00%,78.44%,0.86
2022-07-04 06:08:32,76,ToU,0.0,No_fuzzy,Padrão A,1.22,1.25,1.27,11,16.4,15.2,15.8,3.37%,86.96%,2.47
2022-07-04 06:08:33,77,ToU,1.0,No_fuzzy,Padrão A,0.99,1.15,1.24,63,16.4,13.5,15.8,14.63%,82.18%,2.63
2022-07-04 06:08:34,78,Fixa,0.0,No_fuzzy,Padrão C,1.15,1.21,1.26,26,14.5,12.7,12.7,-0.00%,74.78%,907
2022-07-04 06:08:35,79,Fixa,0.0,Fuzzy,Padrão B,1.2,1.25,1.27,16,14.5,12.7,12.7,-0.00%,86.46%,709
2022-07-04 06:08:36,80,ToU,0.0,Fuzzy,Padrão C,1.19,1.24,1.26,17,14.5,14.4,13.8,-4.30%,83.54%,768
2022-07-04 06:08:37,81,Fixa,0.0,No_fuzzy,Padrão C,1.17,1.23,1.26,21,14.5,12.7,12.7,-0.00%,79.38%,984
2022-07-04 06:08:38,82,ToU,0.0,No_fuzzy,Padrão A,1.23,1.25,1.27,0.0093,16.4,14.8,15.8,5.85%,86.43%,2.6
2022-07-04 06:08:39,83,ToU,0.0,No_fuzzy,Padrão B,1.15,1.23,1.25,21,14.5,14.2,13.8,-3.36%,78.98%,872
2022-07-04 06:08:40,84,Fixa,0.0,Fuzzy,Padrão A,1.23,1.26,1.27,0.0093,16.4,14.3,14.3,0.00%,90.31%,2.32
2022-07-04 06:08:41,85,Fixa,0.0,No_fuzzy,Padrão C,1.17,1.23,1.27,24,14.5,12.7,12.7,-0.00%,78.77%,0.95
2022-07-04 06:08:42,86,ToU,0.25,Fuzzy,Padrão B,1.13,1.18,1.22,22,14.5,13.2,13.8,4.23%,81.36%,833
2022-07-04 06:08:43,87,Fixa,0.0,No_fuzzy,Padrão C,1.15,1.22,1.26,26,14.5,12.7,12.7,-0.00%,78.11%,739
2022-07-04 06:08:44,88,Fixa,0.0,Fuzzy,Padrão C,1.21,1.25,1.27,15,14.5,12.7,12.7,-0.00%,86.78%,714
2022-07-04 06:08:45,89,ToU,0.25,No_fuzzy,Padrão A,1.18,1.21,1.23,15,16.4,13.8,15.8,12.48%,83.38%,2.39
2022-07-04 06:08:46,90,Fixa,0.0,Fuzzy,Padrão A,1.24,1.26,1.27,0.0083,16.4,14.3,14.3,0.00%,90.34%,2.2
2022-07-04 06:08:47,91,Fixa,0.0,No_fuzzy,Padrão C,1.15,1.22,1.26,0.03,14.5,12.7,12.7,-0.00%,76.04%,0.95
2022-07-04 06:08:48,92,ToU,1.0,Fuzzy,Padrão C,912,1.04,1.11,58,14.5,13.3,13.8,3.67%,77.08%,641
2022-07-04 06:08:49,93,ToU,0.5,No_fuzzy,Padrão C,1.05,1.13,1.17,32,14.5,13.0,13.8,5.37%,74.23%,771
2022-07-04 06:08:50,94,ToU,0.75,Fuzzy,Padrão C,1.04,1.1,1.15,0.03,14.5,13.0,13.8,5.54%,80.13%,853
2022-07-04 06:08:51,95,Fixa,0.0,Fuzzy,Padrão B,1.21,1.24,1.27,18,14.5,12.7,12.7,-0.00%,84.54%,727
2022-07-04 06:08:52,96,Fixa,0.0,Fuzzy,Padrão A,1.25,1.26,1.27,0.0068,16.4,14.3,14.3,0.00%,90.54%,2.5
2022-07-04 06:08:53,97,ToU,0.75,Fuzzy,Padrão C,1.02,1.09,1.14,0.04,14.5,13.2,13.8,4.32%,80.07%,789
2022-07-04 06:08:54,98,Fixa,0.0,No_fuzzy,Padrão A,1.23,1.25,1.26,0.0072,16.4,14.3,14.3,0.00%,86.77%,2.96
2022-07-04 06:08:55,99,Fixa,0.0,No_fuzzy,Padrão A,1.22,1.25,1.26,11,16.4,14.3,14.3,0.00%,86.15%,2.48
2022-07-04 06:08:56,100,Fixa,0.0,No_fuzzy,Padrão B,1.17,1.23,1.26,21,14.5,12.7,12.7,-0.00%,79.96%,916
